timeToMaturityDays,liquidityScale,lltv,depth,oracleDisplacement,manipulationAchievableOnCurve,bindingConstraint,oraclePriceExceedsRedemptionCeiling,maxUpwardDisplacementAvailable,displacementRequiredForInsolvency,displacementInsolvencyReachable,manipulationCost,attackCapitalRequired,attackerOwnCapital,additionalBorrowCapacity,totalDebt,effectiveLeverage,manipulatedCollateralMark,referenceCollateralMark,realizableCollateralMark,oracleOvervaluation,liquidationValue,liquidationProfitable,liquidationLoss,protocolShortfall,attackerPnL,attackerNetOfManipulationCost,solventUnderReferenceMark,solventUnderRealizableMark
365,0.25,0.86,1,0,true,,false,0.10789118092244898,0.16279069767441867,false,,,7548.330805512461,0,6361.733202885902,1.836165959392135,13859.988075312995,13859.988075312995,13749.871276145102,0,6361.733202885902,true,7498.254872427093,0,-386.34011661109344,-386.34011661109344,true,true
365,0.25,0.86,1,0.01,true,,false,0.10789118092244898,0.16279069767441867,false,4667.9376787506335,184513.7274944415,7548.330805512461,119.73851803517573,6425.350534914761,1.8445248163069887,14062.314327386879,13923.083492462256,13812.46390540483,139.2308349246232,6425.350534914761,true,7497.732957547495,0,-389.6255713833161,-5057.56325013395,true,true
365,0.25,0.86,1,0.02,true,,false,0.10789118092244898,0.16279069767441867,false,11866.861964487936,337733.05573871214,7548.330805512461,240.56227002859305,6488.96786694362,1.8528836176364445,14265.902059835236,13986.178490034546,13875.05610494508,279.7235698006898,6488.96786694362,true,7497.210623090927,0,-392.9114416233233,-12259.77340611126,true,true
365,0.25,0.86,1,0.05,false,CURVE_PROPORTION_CAP,false,0.10789118092244898,0.16279069767441867,false,,,7548.330805512461,609.5448215019951,6679.819863030197,1.8779596880956104,14884.234013420803,14175.460965162669,14062.830125138727,708.7730482581337,0,false,14175.460965162669,0,-402.7715453412766,-402.7715453412766,true,true
365,0.25,0.86,1,0.1,false,CURVE_PROPORTION_CAP,false,0.10789118092244898,0.16279069767441867,false,,,7548.330805512461,1246.2194092936588,6997.906523174492,1.9197520269378232,15940.015700267735,14490.92336387976,14375.778229607276,1449.0923363879756,0,false,14490.92336387976,0,-419.2133626721079,-419.2133626721079,true,true
365,0.25,0.86,3,0,true,,false,0.10789118092244898,0.16279069767441867,false,,,7548.330805512461,0,16470.463999906082,3.1643173887662206,23885.314424042816,23885.314424042816,23695.138598133195,0,16470.463999906082,true,7414.850424136734,0,-908.8555776718486,-908.8555776718486,true,true
365,0.25,0.86,3,0.01,true,,false,0.10789118092244898,0.16279069767441867,false,4667.9376787506335,184513.7274944415,7548.330805512461,208.06324111811045,16781.24197207867,3.2051324661533354,24435.33413131348,24193.40013001335,24000.758650653042,241.93400130013106,16781.24197207867,true,7412.1581579346785,0,-925.0463417543915,-5592.984020505025,true,true
365,0.25,0.86,3,0.02,true,,false,0.10789118092244898,0.16279069767441867,false,11866.861964487936,337733.05573871214,7548.330805512461,421.4901778593339,17095.81671238019,3.2464452777960493,24995.347756774347,24505.24289879838,24310.10537188272,490.1048579759663,17095.81671238019,true,7409.42618641819,0,-941.4416495679052,-12808.303614055842,true,true
365,0.25,0.86,3,0.05,false,CURVE_PROPORTION_CAP,false,0.10789118092244898,0.16279069767441867,false,,,7548.330805512461,1094.9336840064316,18062.586982622586,3.3734046245118634,26736.752748994153,25463.574046661095,25260.763808618343,1273.178702333058,0,false,25463.574046661095,0,-991.8713125760678,-991.8713125760678,true,true
365,0.25,0.86,3,0.1,false,CURVE_PROPORTION_CAP,false,0.10789118092244898,0.16279069767441867,false,,,7548.330805512461,2333.8992681257223,19752.283232179412,3.5952801065685094,29852.199941142928,27138.363582857204,26922.137014468786,2713.8363582857237,0,false,27138.363582857204,0,-1080.1663482777712,-1080.1663482777712,true,true
365,0.25,0.86,10,0,true,,false,0.10789118092244898,0.16279069767441867,false,,,7548.330805512461,0,34813.865808763316,5.572790979035016,42065.26981973196,42065.26981973196,41729.047813943114,0,34813.865808763316,true,7251.404010968647,0,-1868.9732768845106,-1868.9732768845106,true,true
365,0.25,0.86,10,0.01,true,,false,0.10789118092244898,0.16279069767441867,false,4667.9376787506335,184513.7274944415,7548.330805512461,374.464227822893,36305.13403944224,5.768474275217332,43977.77559315344,43542.35207242915,43194.21550679354,435.4235207242891,36305.13403944224,true,7237.218032986915,0,-1947.9165531272774,-6615.854231877911,true,true
365,0.25,0.86,10,0.02,true,,false,0.10789118092244898,0.16279069767441867,false,11866.861964487936,337733.05573871214,7548.330805512461,775.6000151482804,37870.833485515206,5.9739067216816935,45994.88461925844,45093.02413652788,44732.3715914648,901.8604827305608,37870.833485515206,true,7222.190651012672,0,-2030.931851946798,-13897.793816434734,true,true
365,0.25,0.86,10,0.05,false,CURVE_PROPORTION_CAP,false,0.10789118092244898,0.16279069767441867,false,,,7548.330805512461,2159.7465903221237,43055.21422227403,6.654009500290081,52737.9981357728,50226.6648912122,49824.52000776647,2511.3332445606065,0,false,50226.6648912122,0,-2306.783955880551,-2306.783955880551,true,true
365,0.25,0.86,10,0.1,false,CURVE_PROPORTION_CAP,false,0.10789118092244898,0.16279069767441867,false,,,7548.330805512461,5216.79281302703,53596.80451452582,8.03626432250773,66726.4197015084,60660.38154682582,60173.638033971976,6066.038154682588,0,false,60660.38154682582,0,-2872.3333568474873,-2872.3333568474873,true,true
365,0.25,0.86,20,0,true,,false,0.10789118092244898,0.16279069767441867,false,,,7548.330805512461,0,42093.6514832074,6.528043875264678,49275.83468339731,49275.83468339731,48881.380397745874,0,42093.6514832074,true,7182.183200189909,0,-2254.310275390456,-2254.310275390456,true,true
365,0.25,0.86,20,0.01,true,,false,0.10789118092244898,0.16279069767441867,false,4667.9376787506335,184513.7274944415,7548.330805512461,445.67412500589126,44665.74759440564,6.865434757742577,52340.79840185532,51822.572675104275,51407.50985100187,518.2257267510431,44665.74759440564,true,7156.8250806986325,0,-2391.3491067410678,-7059.286785491701,true,true
365,0.25,0.86,20,0.02,true,,false,0.10789118092244898,0.16279069767441867,false,11866.861964487936,337733.05573871214,7548.330805512461,939.0309610894255,47466.00355685854,7.23270147080497,55686.71978553549,54594.823319152434,54157.30262665922,1091.8964663830557,47466.00355685854,true,7128.819762293897,0,-2540.9372976743234,-14407.79926216226,true,true
365,0.25,0.86,20,0.05,false,CURVE_PROPORTION_CAP,false,0.10789118092244898,0.16279069767441867,false,,,7548.330805512461,2774.5743516072325,57499.94354256683,8.548245510646725,67751.23416715319,64524.98492109827,64006.81213211975,3226.2492460549183,0,false,64524.98492109827,0,-3080.334833696739,-3080.334833696739,true,true
365,0.25,0.86,20,0.1,false,CURVE_PROPORTION_CAP,false,0.10789118092244898,0.16279069767441867,false,,,7548.330805512461,7613.860903647175,81781.91392734316,11.72885351776367,97386.59295362656,88533.26632147869,87818.76731463581,8853.326632147873,0,false,88533.26632147869,0,-4407.957066109137,-4407.957066109137,true,true
365,0.25,0.915,1,0,true,,false,0.10789118092244898,0.09289617486338786,true,,,7548.330805512461,0,6768.588233303023,1.889622806203742,14263.498038866608,14263.498038866608,14150.165560812231,0,6768.588233303023,true,7494.909805563585,0,-288.6809301928479,-288.6809301928479,true,true
365,0.25,0.915,1,0.01,true,,false,0.10789118092244898,0.09289617486338786,true,4667.9376787506335,184513.7274944415,7548.330805512461,131.12522569042812,6836.274115636054,1.8985158610233903,14473.932016102039,14330.625758516871,14216.758268206711,143.30625758516726,6836.274115636054,true,7494.351642880817,0,-290.9925767250825,-4958.930255475716,true,true
365,0.25,0.915,1,0.02,true,,false,0.10789118092244898,0.09289617486338786,true,11866.861964487936,337733.05573871214,7548.330805512461,263.478879956263,6903.959997969085,1.9074088529029394,14685.708063135933,14397.753003074444,14283.35048903972,287.95506006148935,0,false,14397.753003074444,0,-293.304693977695,-12160.16665846563,true,true
365,0.25,0.915,1,0.05,false,CURVE_PROPORTION_CAP,false,0.10789118092244898,0.09289617486338786,true,,,7548.330805512461,667.9102837829832,7107.017644968175,1.934087450871286,15329.088480265138,14599.131885966797,14483.124231966323,729.9565942983409,0,false,14599.131885966797,0,-300.2438702872687,-300.2438702872687,true,true
365,0.25,0.915,1,0.1,false,CURVE_PROPORTION_CAP,false,0.10789118092244898,0.09289617486338786,true,,,7548.330805512461,1366.529977592898,7445.447056633326,1.9785505217348986,16428.229238821717,14934.753853474287,14816.070737014832,1493.4753853474303,0,false,14934.753853474287,0,-311.81858068666224,-311.81858068666224,true,true
365,0.25,0.915,3,0,true,,false,0.10789118092244898,0.09289617486338786,true,,,7548.330805512461,0,18524.172481427886,3.4340184525100876,25921.107271780125,25921.107271780125,25714.63278333243,0,18524.172481427886,true,7396.934790352239,0,-691.1821175390587,-691.1821175390587,true,true
365,0.25,0.915,3,0.01,true,,false,0.10789118092244898,0.09289617486338786,true,4667.9376787506335,184513.7274944415,7548.330805512461,240.41690587760604,18881.28220840083,3.48091152303823,26537.8223974189,26275.07168061277,26065.761911041198,262.75071680612746,18881.28220840083,true,7393.789472211942,0,-703.576675817405,-5371.5143545680385,true,true
365,0.25,0.915,3,0.02,true,,false,0.10789118092244898,0.09289617486338786,true,11866.861964487936,337733.05573871214,7548.330805512461,487.3926726678037,19242.883916144223,3.5283932391124377,27166.148968369398,26633.47938075431,26421.29830962799,532.669587615088,0,false,26633.47938075431,0,-716.1361780124007,-12582.998142500337,true,true
365,0.25,0.915,3,0.05,false,CURVE_PROPORTION_CAP,false,0.10789118092244898,0.09289617486338786,true,,,7548.330805512461,1268.9071419308857,20354.960437560167,3.6744117273195007,29122.45899513514,27735.67523346204,27514.66146625755,1386.7837616731013,0,false,27735.67523346204,0,-754.8190968984709,-754.8190968984709,true,true
365,0.25,0.915,3,0.1,false,CURVE_PROPORTION_CAP,false,0.10789118092244898,0.09289617486338786,true,,,7548.330805512461,2714.2975140570925,22301.2425911198,3.929935567195648,32630.8990760962,29664.453705542,29427.973422992007,2966.4453705542,0,false,29664.453705542,0,-822.7284963515622,-822.7284963515622,true,true
365,0.25,0.915,10,0,true,,false,0.10789118092244898,0.09289617486338786,true,,,7548.330805512461,0,45739.89124784039,7.006114596585599,52884.47063635758,52884.47063635758,52460.809860571855,0,45739.89124784039,true,7144.579388517195,0,-1648.2866102495673,-1648.2866102495673,true,true
365,0.25,0.915,10,0.01,true,,false,0.10789118092244898,0.09289617486338786,true,4667.9376787506335,184513.7274944415,7548.330805512461,503.59248752528947,47914.921377060906,7.29133787968595,55587.8046339397,55037.43033063337,54596.323445559436,550.3743033063292,47914.921377060906,true,7122.508953572462,0,-1726.6600602213693,-6394.597738972003,true,true
365,0.25,0.915,10,0.02,true,,false,0.10789118092244898,0.09289617486338786,true,11866.861964487936,337733.05573871214,7548.330805512461,1048.7085818962514,50207.52674540381,7.591940703392385,58452.6094827415,57306.47988504068,56846.96961958691,1146.1295977008194,0,false,57306.47988504068,0,-1809.5594616545768,-13676.421426142513,true,true
365,0.25,0.915,10,0.05,false,CURVE_PROPORTION_CAP,false,0.10789118092244898,0.09289617486338786,true,,,7548.330805512461,2968.0905150511608,57858.13741151296,8.594786990996184,68120.11018150196,64876.29541095425,64355.2668251622,3243.8147705477168,0,false,64876.29541095425,0,-2088.3666135390586,-2088.3666135390586,true,true
365,0.25,0.915,10,0.1,false,CURVE_PROPORTION_CAP,false,0.10789118092244898,0.09289617486338786,true,,,7548.330805512461,7364.376151146629,73644.33879083654,10.662620297411424,88533.48378427641,80484.9852584331,79836.51758141164,8048.498525843315,0,false,80484.9852584331,0,-2674.34397339937,-2674.34397339937,true,true
365,0.25,0.915,20,0,true,,false,0.10789118092244898,0.09289617486338786,true,,,7548.330805512461,0,63175.85495882564,9.292093821718474,70139.79804218958,70139.79804218958,69575.8786596219,0,63175.854958825636,true,6963.943083363942,0,-2280.2255912796527,-2280.2255912796527,true,true
365,0.25,0.915,20,0.01,true,,false,0.10789118092244898,0.09289617486338786,true,4667.9376787506335,184513.7274944415,7548.330805512461,685.6504006533651,68024.09769694184,9.927290144999548,75683.81471692795,74934.47001676034,74331.40453972692,749.3447001676104,68024.09769694184,true,6910.3723198185035,0,-2459.2518051221004,-7127.189483872734,true,true
365,0.25,0.915,20,0.02,true,,false,0.10789118092244898,0.09289617486338786,true,11866.861964487936,337733.05573871214,7548.330805512461,1468.2489397778554,73382.50910714128,10.629129084131948,81836.82615155207,80232.18250152163,79585.77683285253,1604.6436500304408,0,false,80232.18250152163,0,-2658.592064454583,-14525.45402894252,true,true
365,0.25,0.915,20,0.05,false,CURVE_PROPORTION_CAP,false,0.10789118092244898,0.09289617486338786,true,,,7548.330805512461,4565.164773011595,93173.26927218265,13.219481887046747,104774.27347895442,99785.02236090896,98977.87209915463,4989.25111804546,0,false,99785.02236090896,0,-3408.427681808187,-3408.427681808187,true,true
365,0.25,0.915,20,0.1,false,CURVE_PROPORTION_CAP,false,0.10789118092244898,0.09289617486338786,true,,,7548.330805512461,13701.435540826584,143841.33310716553,19.83782491590214,164716.71141977343,149742.46492706676,148519.13219003912,14974.246492706676,0,false,149742.46492706676,0,-5428.593306460623,-5428.593306460623,true,true
365,0.25,0.945,1,0,true,,false,0.10789118092244898,0.058201058201058364,true,,,7548.330805512461,0,6990.509158985089,1.9187801278683574,14483.587148193861,14483.587148193861,14368.500488756968,0,6990.509158985089,true,7493.077989208772,0,-231.13945406362654,-231.13945406362654,true,true
365,0.25,0.945,1,0.01,true,,false,0.10789118092244898,0.058201058201058364,true,4667.9376787506335,184513.7274944415,7548.330805512461,137.52503881012126,7060.41425057494,1.9279645440516975,14698.443301399226,14552.914159801214,14437.274907701552,145.52914159801185,0,false,14552.914159801214,0,-232.8772780919826,-4900.814956842616,true,true
365,0.25,0.945,1,0.02,true,,false,0.10789118092244898,0.058201058201058364,true,11866.861964487936,337733.05573871214,7548.330805512461,276.36034856051265,7130.319342164792,1.937148893090228,14914.685477868881,14622.240664577334,14506.048807588997,292.4448132915477,0,false,14622.240664577334,0,-234.61560444934094,-12101.477568937276,true,true
365,0.25,0.945,1,0.05,false,CURVE_PROPORTION_CAP,false,0.10789118092244898,0.058201058201058364,true,,,7548.330805512461,700.7277597519187,7340.034616934344,1.9647015372956877,15571.727994487066,14830.217137606729,14712.367392620146,741.5108568803371,0,false,14830.217137606729,0,-239.83359774734618,-239.83359774734618,true,true
365,0.25,0.945,1,0.1,false,CURVE_PROPORTION_CAP,false,0.10789118092244898,0.058201058201058364,true,,,7548.330805512461,1434.2108558586096,7689.560074883598,2.010621267743962,16694.517898883292,15176.834453530266,15056.221317575557,1517.6834453530264,0,false,15176.834453530266,0,-248.5403021836819,-248.5403021836819,true,true
365,0.25,0.945,3,0,true,,false,0.10789118092244898,0.058201058201058364,true,,,7548.330805512461,0,19711.854961452213,3.5899717459463343,27098.294320846067,27098.294320846067,26882.388847651353,0,19711.854961452213,true,7386.439359393855,0,-548.8101763945751,-548.8101763945751,true,true
365,0.25,0.945,3,0.01,true,,false,0.10789118092244898,0.058201058201058364,true,4667.9376787506335,184513.7274944415,7548.330805512461,259.6775657824801,20096.08481157456,3.640421730078679,27753.89856511196,27479.107490209863,27260.15015116202,274.7910749020957,0,false,27479.107490209863,0,-558.5989777231662,-5226.5366564738,true,true
365,0.25,0.945,3,0.02,true,,false,0.10789118092244898,0.058201058201058364,true,11866.861964487936,337733.05573871214,7548.330805512461,526.644164751855,20485.218878325937,3.691514235364718,28422.066034227104,27864.77062179128,27642.72205248925,557.2954124358257,0,false,27864.77062179128,0,-568.5232665566828,-12435.38523104462,true,true
365,0.25,0.945,3,0.05,false,CURVE_PROPORTION_CAP,false,0.10789118092244898,0.058201058201058364,true,,,7548.330805512461,1372.6693963358957,21682.398248631554,3.8486924995445664,30503.764363019854,29051.204155257,28819.642759524406,1452.5602077628537,0,false,29051.204155257,0,-599.1223577635155,-599.1223577635155,true,true
365,0.25,0.945,3,0.1,false,CURVE_PROPORTION_CAP,false,0.10789118092244898,0.058201058201058364,true,,,7548.330805512461,2941.672028818248,23779.06512225308,4.123932209625235,34241.684991535156,31128.804537759235,30880.573572537294,3112.8804537759206,0,false,31128.804537759235,0,-652.9563294152822,-652.9563294152822,true,true
365,0.25,0.945,10,0,true,,false,0.10789118092244898,0.058201058201058364,true,,,7548.330805512461,0,53320.831601338876,8.000088420005444,60387.3138675506,60387.3138675506,59902.78901198905,0,53320.831601338876,true,7066.482266211722,0,-1425.9236072105668,-1425.9236072105668,true,true
365,0.25,0.945,10,0.01,true,,false,0.10789118092244898,0.058201058201058364,true,4667.9376787506335,184513.7274944415,7548.330805512461,595.6493993641561,55993.521234098764,8.350413369054674,63661.99929712248,63031.6824723985,62525.66200060419,630.316824723981,0,false,63031.6824723985,0,-1498.5237697989614,-6166.461448549595,true,true
365,0.25,0.945,10,0.02,true,,false,0.10789118092244898,0.058201058201058364,true,11866.861964487936,337733.05573871214,7548.330805512461,1244.0741168618624,58816.22607907709,8.720342158178553,67140.50789413195,65824.02734718818,65295.28350696511,1316.4805469437706,0,false,65824.02734718818,0,-1575.6438581090997,-13442.505822597035,true,true
365,0.25,0.945,10,0.05,false,CURVE_PROPORTION_CAP,false,0.10789118092244898,0.058201058201058364,true,,,7548.330805512461,3552.014397600433,68272.2036613845,9.959143262616962,78933.65328000966,75174.90788572349,74569.8837743479,3758.7453942861757,0,false,75174.90788572349,0,-1837.3530040104433,-1837.3530040104433,true,true
365,0.25,0.945,10,0.1,false,CURVE_PROPORTION_CAP,false,0.10789118092244898,0.058201058201058364,true,,,7548.330805512461,8938.899684298769,87924.24951277893,12.531450129570562,104050.68415585865,94591.53105078058,93827.21233728077,9459.153105078061,0,false,94591.53105078058,0,-2398.0923201220094,-2398.0923201220094,true,true
365,0.25,0.945,20,0,true,,false,0.10789118092244898,0.058201058201058364,true,,,7548.330805512461,0,81076.34678902314,11.636494281340251,87836.1082520102,87836.1082520102,87127.33654728193,0,81076.34678902314,true,6759.761462987066,0,-2192.3428133233956,-2192.3428133233956,true,true
365,0.25,0.945,20,0.01,true,,false,0.10789118092244898,0.058201058201058364,true,4667.9376787506335,184513.7274944415,7548.330805512461,895.3726436795259,88073.27976658188,12.55223576494579,95695.91218162152,94748.42790259558,93982.80099811872,947.4842790259427,0,false,94748.42790259558,0,-2392.77155462315,-7060.709233373784,true,true
365,0.25,0.945,20,0.02,true,,false,0.10789118092244898,0.058201058201058364,true,11866.861964487936,337733.05573871214,7548.330805512461,1936.157949148008,95864.50810641579,13.571506359634874,104491.063922273,102442.21953164019,101613.12985843401,2048.844390632803,0,false,102442.21953164019,0,-2619.139374650903,-14486.001339138838,true,true
365,0.25,0.945,20,0.05,false,CURVE_PROPORTION_CAP,false,0.10789118092244898,0.058201058201058364,true,,,7548.330805512461,6201.357419108928,125063.80247978267,17.38737517542738,137807.94264686518,131245.65966368112,130177.32276846995,6562.2829831840645,0,false,131245.65966368112,0,-3497.887316465804,-3497.887316465804,true,true
365,0.25,0.945,20,0.1,false,CURVE_PROPORTION_CAP,false,0.10789118092244898,0.058201058201058364,true,,,7548.330805512461,19526.531768365006,201728.68729583782,27.374259439173606,227292.96238308487,206629.96580280442,204923.52147348554,20662.99658028045,0,false,206629.96580280442,0,-6043.945026715343,-6043.945026715343,true,true
365,1,0.86,1,0,true,,false,0.10789118092244898,0.16279069767441867,false,,,30193.323222049843,0,25446.932811543607,1.836165959392135,55439.95230125198,55439.95230125198,54999.48510458041,0,25446.932811543607,true,29993.01948970837,0,-1545.3604664443737,-1545.3604664443737,true,true
365,1,0.86,1,0.01,true,,false,0.10789118092244898,0.16279069767441867,false,18671.750715002534,738054.909977766,30193.323222049843,478.9540721407029,25701.402139659043,1.8445248163069887,56249.257309547516,55692.33396984902,55249.85562161932,556.9233396984928,25701.402139659043,true,29990.93183018998,0,-1558.5022855332645,-20230.2530005358,true,true
365,1,0.86,1,0.02,true,,false,0.10789118092244898,0.16279069767441867,false,47467.447857951745,1350932.2229548485,30193.323222049843,962.2490801143722,25955.87146777448,1.8528836176364445,57063.608239340945,55944.713960138186,55500.22441978032,1118.8942792027592,25955.87146777448,true,29988.842492363707,0,-1571.6457664932932,-49039.09362444504,true,true
365,1,0.86,1,0.05,false,CURVE_PROPORTION_CAP,false,0.10789118092244898,0.16279069767441867,false,,,30193.323222049843,2438.1792860079804,26719.279452120787,1.8779596880956104,59536.93605368321,56701.843860650675,56251.32050055491,2835.092193032535,0,false,56701.843860650675,0,-1611.0861813651063,-1611.0861813651063,true,true
365,1,0.86,1,0.1,false,CURVE_PROPORTION_CAP,false,0.10789118092244898,0.16279069767441867,false,,,30193.323222049843,4984.877637174635,27991.626092697967,1.9197520269378232,63760.06280107094,57963.69345551904,57503.112918429106,5796.369345551902,0,false,57963.69345551904,0,-1676.8534506884316,-1676.8534506884316,true,true
365,1,0.86,3,0,true,,false,0.10789118092244898,0.16279069767441867,false,,,30193.323222049843,0,65881.85599962433,3.1643173887662206,95541.25769617126,95541.25769617126,94780.55439253278,0,65881.85599962433,true,29659.401696546935,0,-3635.422310687394,-3635.422310687394,true,true
365,1,0.86,3,0.01,true,,false,0.10789118092244898,0.16279069767441867,false,18671.750715002534,738054.909977766,30193.323222049843,832.2529644724418,67124.96788831468,3.2051324661533354,97741.33652525392,96773.6005200534,96003.03460261217,967.7360052005242,67124.96788831468,true,29648.632631738714,0,-3700.185367017566,-22371.9360820201,true,true
365,1,0.86,3,0.02,true,,false,0.10789118092244898,0.16279069767441867,false,47467.447857951745,1350932.2229548485,30193.323222049843,1685.9607114373357,68383.26684952076,3.2464452777960493,99981.39102709739,98020.97159519352,97240.42148753088,1960.4194319038652,68383.26684952076,true,29637.70474567276,0,-3765.7665982716208,-51233.214456223366,true,true
365,1,0.86,3,0.05,false,CURVE_PROPORTION_CAP,false,0.10789118092244898,0.16279069767441867,false,,,30193.323222049843,4379.734736025726,72250.34793049034,3.3734046245118634,106947.01099597661,101854.29618664438,101043.05523447337,5092.714809332232,0,false,101854.29618664438,0,-3967.485250304271,-3967.485250304271,true,true
365,1,0.86,3,0.1,false,CURVE_PROPORTION_CAP,false,0.10789118092244898,0.16279069767441867,false,,,30193.323222049843,9335.59707250289,79009.13292871765,3.5952801065685094,119408.79976457171,108553.45433142882,107688.54805787514,10855.345433142895,0,false,108553.45433142882,0,-4320.665393111085,-4320.665393111085,true,true
365,1,0.86,10,0,true,,false,0.10789118092244898,0.16279069767441867,false,,,30193.323222049843,0,139255.46323505326,5.572790979035016,168261.07927892785,168261.07927892785,166916.19125577246,0,139255.46323505326,true,29005.616043874586,0,-7475.893107538042,-7475.893107538042,true,true
365,1,0.86,10,0.01,true,,false,0.10789118092244898,0.16279069767441867,false,18671.750715002534,738054.909977766,30193.323222049843,1497.856911291572,145220.53615776895,5.768474275217332,175911.10237261376,174169.4082897166,172776.86202717415,1741.6940828971565,145220.53615776895,true,28948.87213194766,0,-7791.66621250911,-26463.416927511644,true,true
365,1,0.86,10,0.02,true,,false,0.10789118092244898,0.16279069767441867,false,47467.447857951745,1350932.2229548485,30193.323222049843,3102.4000605931215,151483.33394206082,5.9739067216816935,183979.53847703376,180372.0965461115,178929.4863658592,3607.441930922243,151483.33394206082,true,28888.762604050688,0,-8123.727407787192,-55591.17526573894,true,true
365,1,0.86,10,0.05,false,CURVE_PROPORTION_CAP,false,0.10789118092244898,0.16279069767441867,false,,,30193.323222049843,8638.986361288495,172220.85688909612,6.654009500290081,210951.9925430912,200906.6595648488,199298.08003106588,10045.332978242426,0,false,200906.6595648488,0,-9227.135823522203,-9227.135823522203,true,true
365,1,0.86,10,0.1,false,CURVE_PROPORTION_CAP,false,0.10789118092244898,0.16279069767441867,false,,,30193.323222049843,20867.17125210812,214387.2180581033,8.03626432250773,266905.6788060336,242641.52618730327,240694.5521358879,24264.152618730353,0,false,242641.52618730327,0,-11489.333427389949,-11489.333427389949,true,true
365,1,0.86,20,0,true,,false,0.10789118092244898,0.16279069767441867,false,,,30193.323222049843,0,168374.6059328296,6.528043875264678,197103.33873358925,197103.33873358925,195525.5215909835,0,168374.6059328296,true,28728.732800759637,0,-9017.241101561824,-9017.241101561824,true,true
365,1,0.86,20,0.01,true,,false,0.10789118092244898,0.16279069767441867,false,18671.750715002534,738054.909977766,30193.323222049843,1782.696500023565,178662.99037762257,6.865434757742577,209363.19360742127,207290.2907004171,205630.0394040075,2072.9029070041724,178662.99037762257,true,28627.30032279453,0,-9565.396426964271,-28237.147141966805,true,true
365,1,0.86,20,0.02,true,,false,0.10789118092244898,0.16279069767441867,false,47467.447857951745,1350932.2229548485,30193.323222049843,3756.123844357702,189864.01422743415,7.23270147080497,222746.87914214196,218379.29327660974,216629.21050663688,4367.585865532223,189864.01422743415,true,28515.279049175588,0,-10163.749190697294,-57631.19704864904,true,true
365,1,0.86,20,0.05,false,CURVE_PROPORTION_CAP,false,0.10789118092244898,0.16279069767441867,false,,,30193.323222049843,11098.29740642893,229999.7741702673,8.548245510646725,271004.93666861276,258099.9396843931,256027.248528479,12904.996984219673,0,false,258099.9396843931,0,-12321.339334786957,-12321.339334786957,true,true
365,1,0.86,20,0.1,false,CURVE_PROPORTION_CAP,false,0.10789118092244898,0.16279069767441867,false,,,30193.323222049843,30455.4436145887,327127.65570937266,11.72885351776367,389546.37181450624,354133.06528591475,351275.06925854326,35413.30652859149,0,false,354133.06528591475,0,-17631.828264436546,-17631.828264436546,true,true
365,1,0.915,1,0,true,,false,0.10789118092244898,0.09289617486338786,true,,,30193.323222049843,0,27074.352933212092,1.889622806203742,57053.99215546643,57053.99215546643,56600.662243248924,0,27074.352933212092,true,29979.63922225434,0,-1154.7237207713915,-1154.7237207713915,true,true
365,1,0.915,1,0.01,true,,false,0.10789118092244898,0.09289617486338786,true,18671.750715002534,738054.909977766,30193.323222049843,524.5009027617125,27345.096462544218,1.8985158610233903,57895.728064408155,57322.503034067486,56867.033072826845,573.225030340669,27345.096462544218,true,29977.40657152327,0,-1163.97030690033,-19835.721021902864,true,true
365,1,0.915,1,0.02,true,,false,0.10789118092244898,0.09289617486338786,true,47467.447857951745,1350932.2229548485,30193.323222049843,1053.915519825052,27615.83999187634,1.9074088529029394,58742.83225254373,57591.012012297775,57133.40195615888,1151.8202402459574,0,false,57591.012012297775,0,-1173.21877591078,-48640.66663386252,true,true
365,1,0.915,1,0.05,false,CURVE_PROPORTION_CAP,false,0.10789118092244898,0.09289617486338786,true,,,30193.323222049843,2671.641135131933,28428.0705798727,1.934087450871286,61316.35392106055,58396.52754386719,57932.49692786529,2919.8263771933634,0,false,58396.52754386719,0,-1200.9754811490748,-1200.9754811490748,true,true
365,1,0.915,1,0.1,false,CURVE_PROPORTION_CAP,false,0.10789118092244898,0.09289617486338786,true,,,30193.323222049843,5466.119910371592,29781.788226533303,1.9785505217348986,65712.91695528687,59739.01541389715,59264.28294805933,5973.901541389721,0,false,59739.01541389715,0,-1247.274322746649,-1247.274322746649,true,true
365,1,0.915,3,0,true,,false,0.10789118092244898,0.09289617486338786,true,,,30193.323222049843,0,74096.68992571154,3.4340184525100876,103684.4290871205,103684.4290871205,102858.53113332971,0,74096.68992571154,true,29587.739161408957,0,-2764.728470156235,-2764.728470156235,true,true
365,1,0.915,3,0.01,true,,false,0.10789118092244898,0.09289617486338786,true,18671.750715002534,738054.909977766,30193.323222049843,961.6676235104242,75525.12883360332,3.48091152303823,106151.2895896756,105100.28672245108,104263.04764416479,1051.0028672245098,75525.12883360332,true,29575.157888847767,0,-2814.30670326962,-21486.057418272154,true,true
365,1,0.915,3,0.02,true,,false,0.10789118092244898,0.09289617486338786,true,47467.447857951745,1350932.2229548485,30193.323222049843,1949.5706906712148,76971.53566457689,3.5283932391124377,108664.59587347759,106533.91752301724,105685.19323851196,2130.678350460352,0,false,106533.91752301724,0,-2864.544712049603,-50331.99257000135,true,true
365,1,0.915,3,0.05,false,CURVE_PROPORTION_CAP,false,0.10789118092244898,0.09289617486338786,true,,,30193.323222049843,5075.628567723543,81419.84175024067,3.6744117273195007,116489.83598054056,110942.70093384816,110058.6458650302,5547.135046692405,0,false,110942.70093384816,0,-3019.2763875938836,-3019.2763875938836,true,true
365,1,0.915,3,0.1,false,CURVE_PROPORTION_CAP,false,0.10789118092244898,0.09289617486338786,true,,,30193.323222049843,10857.19005622837,89204.9703644792,3.929935567195648,130523.5963043848,118657.814822168,117711.89369196803,11865.7814822168,0,false,118657.814822168,0,-3290.9139854062487,-3290.9139854062487,true,true
365,1,0.915,10,0,true,,false,0.10789118092244898,0.09289617486338786,true,,,30193.323222049843,0,182959.56499136155,7.006114596585599,211537.88254543033,211537.88254543033,209843.23944228742,0,182959.56499136155,true,28578.31755406878,0,-6593.146440998269,-6593.146440998269,true,true
365,1,0.915,10,0.01,true,,false,0.10789118092244898,0.09289617486338786,true,18671.750715002534,738054.909977766,30193.323222049843,2014.3699501011579,191659.68550824362,7.29133787968595,222351.2185357588,220149.72132253347,218385.29378223774,2201.497213225317,191659.68550824362,true,28490.035814289848,0,-6906.640240885477,-25578.39095588801,true,true
365,1,0.915,10,0.02,true,,false,0.10789118092244898,0.09289617486338786,true,47467.447857951745,1350932.2229548485,30193.323222049843,4194.834327585006,200830.10698161524,7.591940703392385,233810.437930966,229225.91954016272,227387.87847834764,4584.518390803278,0,false,229225.91954016272,0,-7238.237846618307,-54705.68570457005,true,true
365,1,0.915,10,0.05,false,CURVE_PROPORTION_CAP,false,0.10789118092244898,0.09289617486338786,true,,,30193.323222049843,11872.362060204643,231432.54964605183,8.594786990996184,272480.44072600786,259505.181643817,257421.0673006488,12975.259082190867,0,false,259505.181643817,0,-8353.466454156234,-8353.466454156234,true,true
365,1,0.915,10,0.1,false,CURVE_PROPORTION_CAP,false,0.10789118092244898,0.09289617486338786,true,,,30193.323222049843,29457.504604586517,294577.35516334616,10.662620297411424,354133.93513710564,321939.9410337324,319346.07032564655,32193.99410337326,0,false,321939.9410337324,0,-10697.37589359748,-10697.37589359748,true,true
365,1,0.915,20,0,true,,false,0.10789118092244898,0.09289617486338786,true,,,30193.323222049843,0,252703.41983530257,9.292093821718474,280559.1921687583,280559.1921687583,278303.5146384876,0,252703.41983530254,true,27855.772333455767,0,-9120.90236511861,-9120.90236511861,true,true
365,1,0.915,20,0.01,true,,false,0.10789118092244898,0.09289617486338786,true,18671.750715002534,738054.909977766,30193.323222049843,2742.6016026134603,272096.39078776736,9.927290144999548,302735.2588677118,299737.8800670414,297325.6181589077,2997.3788006704417,272096.39078776736,true,27641.489279274014,0,-9837.007220488402,-28508.757935490936,true,true
365,1,0.915,20,0.02,true,,false,0.10789118092244898,0.09289617486338786,true,47467.447857951745,1350932.2229548485,30193.323222049843,5872.995759111422,293530.0364285651,10.629129084131948,327347.3046062083,320928.7300060865,318343.1073314101,6418.574600121763,0,false,320928.7300060865,0,-10634.368257818332,-58101.81611577008,true,true
365,1,0.915,20,0.05,false,CURVE_PROPORTION_CAP,false,0.10789118092244898,0.09289617486338786,true,,,30193.323222049843,18260.65909204638,372693.0770887306,13.219481887046747,419097.0939158177,399140.08944363584,395911.4883966185,19957.00447218184,0,false,399140.08944363584,0,-13633.710727232748,-13633.710727232748,true,true
365,1,0.915,20,0.1,false,CURVE_PROPORTION_CAP,false,0.10789118092244898,0.09289617486338786,true,,,30193.323222049843,54805.742163306335,575365.3324286621,19.83782491590214,658866.8456790937,598969.859708267,594076.5287601565,59896.9859708267,0,false,598969.859708267,0,-21714.373225842493,-21714.373225842493,true,true
365,1,0.945,1,0,true,,false,0.10789118092244898,0.058201058201058364,true,,,30193.323222049843,0,27962.036635940356,1.9187801278683574,57934.348592775445,57934.348592775445,57474.001955027874,0,27962.036635940356,true,29972.31195683509,0,-924.5578162545062,-924.5578162545062,true,true
365,1,0.945,1,0.01,true,,false,0.10789118092244898,0.058201058201058364,true,18671.750715002534,738054.909977766,30193.323222049843,550.100155240485,28241.65700229976,1.9279645440516975,58793.7732055969,58211.656639204855,57749.09963080621,582.1165663920474,0,false,58211.656639204855,0,-931.5091123679304,-19603.259827370464,true,true
365,1,0.945,1,0.02,true,,false,0.10789118092244898,0.058201058201058364,true,47467.447857951745,1350932.2229548485,30193.323222049843,1105.4413942420506,28521.277368659168,1.937148893090228,59658.741911475525,58488.962658309334,58024.19523035599,1169.7792531661908,0,false,58488.962658309334,0,-938.4624177973637,-48405.910275749105,true,true
365,1,0.945,1,0.05,false,CURVE_PROPORTION_CAP,false,0.10789118092244898,0.058201058201058364,true,,,30193.323222049843,2802.911039007675,29360.138467737375,1.9647015372956877,62286.911977948264,59320.868550426916,58849.469570480585,2966.0434275213483,0,false,59320.868550426916,0,-959.3343909893847,-959.3343909893847,true,true
365,1,0.945,1,0.1,false,CURVE_PROPORTION_CAP,false,0.10789118092244898,0.058201058201058364,true,,,30193.323222049843,5736.843423434439,30758.24029953439,2.010621267743962,66778.07159553317,60707.33781412106,60224.88527030223,6070.733781412106,0,false,60707.33781412106,0,-994.1612087347276,-994.1612087347276,true,true
365,1,0.945,3,0,true,,false,0.10789118092244898,0.058201058201058364,true,,,30193.323222049843,0,78847.41984580885,3.5899717459463343,108393.17728338427,108393.17728338427,107529.55539060541,0,78847.41984580885,true,29545.75743757542,0,-2195.2407055783005,-2195.2407055783005,true,true
365,1,0.945,3,0.01,true,,false,0.10789118092244898,0.058201058201058364,true,18671.750715002534,738054.909977766,30193.323222049843,1038.7102631299203,80384.33924629824,3.640421730078679,111015.59426044783,109916.42996083945,109040.60060464808,1099.1642996083829,0,false,109916.42996083945,0,-2234.3959108926647,-20906.1466258952,true,true
365,1,0.945,3,0.02,true,,false,0.10789118092244898,0.058201058201058364,true,47467.447857951745,1350932.2229548485,30193.323222049843,2106.57665900742,81940.87551330375,3.691514235364718,113688.26413690842,111459.08248716511,110570.888209957,2229.181649743303,0,false,111459.08248716511,0,-2274.093066226731,-49741.54092417848,true,true
365,1,0.945,3,0.05,false,CURVE_PROPORTION_CAP,false,0.10789118092244898,0.058201058201058364,true,,,30193.323222049843,5490.677585343583,86729.59299452622,3.8486924995445664,122015.05745207942,116204.816621028,115278.57103809762,5810.240831051415,0,false,116204.816621028,0,-2396.489431054062,-2396.489431054062,true,true
365,1,0.945,3,0.1,false,CURVE_PROPORTION_CAP,false,0.10789118092244898,0.058201058201058364,true,,,30193.323222049843,11766.688115272991,95116.26048901232,4.123932209625235,136966.73996614062,124515.21815103694,123522.29429014918,12451.521815103682,0,false,124515.21815103694,0,-2611.825317661129,-2611.825317661129,true,true
365,1,0.945,10,0,true,,false,0.10789118092244898,0.058201058201058364,true,,,30193.323222049843,0,213283.3264053555,8.000088420005444,241549.2554702024,241549.2554702024,239611.1560479562,0,213283.3264053555,true,28265.92906484689,0,-5703.694428842267,-5703.694428842267,true,true
365,1,0.945,10,0.01,true,,false,0.10789118092244898,0.058201058201058364,true,18671.750715002534,738054.909977766,30193.323222049843,2382.5975974566245,223974.08493639505,8.350413369054674,254647.9971884899,252126.729889594,250102.64800241677,2521.267298895924,0,false,252126.729889594,0,-5994.095079195846,-24665.84579419838,true,true
365,1,0.945,10,0.02,true,,false,0.10789118092244898,0.058201058201058364,true,47467.447857951745,1350932.2229548485,30193.323222049843,4976.29646744745,235264.90431630836,8.720342158178553,268562.0315765278,263296.1093887527,261181.13402786045,5265.922187775082,0,false,263296.1093887527,0,-6302.575432436399,-53770.02329038814,true,true
365,1,0.945,10,0.05,false,CURVE_PROPORTION_CAP,false,0.10789118092244898,0.058201058201058364,true,,,30193.323222049843,14208.057590401731,273088.814645538,9.959143262616962,315734.61312003864,300699.63154289394,298279.5350973916,15034.981577144703,0,false,300699.63154289394,0,-7349.412016041773,-7349.412016041773,true,true
365,1,0.945,10,0.1,false,CURVE_PROPORTION_CAP,false,0.10789118092244898,0.058201058201058364,true,,,30193.323222049843,35755.598737195076,351696.9980511157,12.531450129570562,416202.7366234346,378366.12420312234,375308.8493491231,37836.612420312245,0,false,378366.12420312234,0,-9592.369280488037,-9592.369280488037,true,true
365,1,0.945,20,0,true,,false,0.10789118092244898,0.058201058201058364,true,,,30193.323222049843,0,324305.38715609256,11.636494281340251,351344.4330080408,351344.4330080408,348509.3461891277,0,324305.38715609256,true,27039.045851948264,0,-8769.371253293582,-8769.371253293582,true,true
365,1,0.945,20,0.01,true,,false,0.10789118092244898,0.058201058201058364,true,18671.750715002534,738054.909977766,30193.323222049843,3581.4905747181037,352293.1190663275,12.55223576494579,382783.6487264861,378993.7116103823,375931.2039924749,3789.9371161037707,0,false,378993.7116103823,0,-9571.0862184926,-28242.836933495135,true,true
365,1,0.945,20,0.02,true,,false,0.10789118092244898,0.058201058201058364,true,47467.447857951745,1350932.2229548485,30193.323222049843,7744.631796592032,383458.03242566314,13.571506359634874,417964.255689092,409768.87812656077,406452.51943373604,8195.377562531212,0,false,409768.87812656077,0,-10476.557498603612,-57944.00535655535,true,true
365,1,0.945,20,0.05,false,CURVE_PROPORTION_CAP,false,0.10789118092244898,0.058201058201058364,true,,,30193.323222049843,24805.429676435713,500255.20991913066,17.38737517542738,551231.7705874607,524982.6386547245,520709.2910738798,26249.131932736258,0,false,524982.6386547245,0,-13991.549265863216,-13991.549265863216,true,true
365,1,0.945,20,0.1,false,CURVE_PROPORTION_CAP,false,0.10789118092244898,0.058201058201058364,true,,,30193.323222049843,78106.12707346003,806914.7491833513,27.374259439173606,909171.8495323395,826519.8632112177,819694.0858939422,82651.9863211218,0,false,826519.8632112177,0,-24175.780106861373,-24175.780106861373,true,true
365,4,0.86,1,0,true,,false,0.10789118092244898,0.16279069767441867,false,,,120773.29288819937,0,101787.73124617443,1.836165959392135,221759.8092050079,221759.8092050079,219997.94041832164,0,101787.73124617443,true,119972.07795883348,0,-6181.441865777495,-6181.441865777495,true,true
365,4,0.86,1,0.01,true,,false,0.10789118092244898,0.16279069767441867,false,74687.00286001014,2952219.639911064,120773.29288819937,1915.8162885628117,102805.60855863617,1.8445248163069887,224997.02923819007,222769.3358793961,220999.42248647727,2227.693358793971,102805.60855863617,true,119963.72732075992,0,-6234.009142133058,-80921.0120021432,true,true
365,4,0.86,1,0.02,true,,false,0.10789118092244898,0.16279069767441867,false,189869.79143180698,5403728.891819394,120773.29288819937,3848.9963204574888,103823.48587109792,1.8528836176364445,228254.43295736378,223778.85584055274,222000.8976791213,4475.577116811037,103823.48587109792,true,119955.36996945483,0,-6286.583065973173,-196156.37449778017,true,true
365,4,0.86,1,0.05,false,CURVE_PROPORTION_CAP,false,0.10789118092244898,0.16279069767441867,false,,,120773.29288819937,9752.717144031922,106877.11780848315,1.8779596880956104,238147.74421473284,226807.3754426027,225005.28200221964,11340.36877213014,0,false,226807.3754426027,0,-6444.344725460425,-6444.344725460425,true,true
365,4,0.86,1,0.1,false,CURVE_PROPORTION_CAP,false,0.10789118092244898,0.16279069767441867,false,,,120773.29288819937,19939.51054869854,111966.50437079187,1.9197520269378232,255040.25120428376,231854.77382207615,230012.45167371642,23185.47738220761,0,false,231854.77382207615,0,-6707.4138027537265,-6707.4138027537265,true,true
365,4,0.86,3,0,true,,false,0.10789118092244898,0.16279069767441867,false,,,120773.29288819937,0,263527.4239984973,3.1643173887662206,382165.03078468505,382165.03078468505,379122.2175701311,0,263527.4239984973,true,118637.60678618774,0,-14541.689242749577,-14541.689242749577,true,true
365,4,0.86,3,0.01,true,,false,0.10789118092244898,0.16279069767441867,false,74687.00286001014,2952219.639911064,120773.29288819937,3329.0118578897673,268499.87155325874,3.2051324661533354,390965.3461010157,387094.4020802136,384012.1384104487,3870.944020802097,268499.87155325874,true,118594.53052695486,0,-14800.741468070264,-89487.7443280804,true,true
365,4,0.86,3,0.02,true,,false,0.10789118092244898,0.16279069767441867,false,189869.79143180698,5403728.891819394,120773.29288819937,6743.842845749343,273533.06739808305,3.2464452777960493,399925.56410838955,392083.8863807741,388961.68595012353,7841.677727615461,273533.06739808305,true,118550.81898269104,0,-15063.066393086483,-204932.85782489346,true,true
365,4,0.86,3,0.05,false,CURVE_PROPORTION_CAP,false,0.10789118092244898,0.16279069767441867,false,,,120773.29288819937,17518.938944102905,289001.3917219614,3.3734046245118634,427788.04398390645,407417.1847465775,404172.2209378935,20370.85923732893,0,false,407417.1847465775,0,-15869.941001217085,-15869.941001217085,true,true
365,4,0.86,3,0.1,false,CURVE_PROPORTION_CAP,false,0.10789118092244898,0.16279069767441867,false,,,120773.29288819937,37342.38829001156,316036.5317148706,3.5952801065685094,477635.19905828685,434213.81732571527,430754.1922315006,43421.38173257158,0,false,434213.81732571527,0,-17282.66157244434,-17282.66157244434,true,true
365,4,0.86,10,0,true,,false,0.10789118092244898,0.16279069767441867,false,,,120773.29288819937,0,557021.852940213,5.572790979035016,673044.3171157114,673044.3171157114,667664.7650230898,0,557021.852940213,true,116022.46417549835,0,-29903.57243015217,-29903.57243015217,true,true
365,4,0.86,10,0.01,true,,false,0.10789118092244898,0.16279069767441867,false,74687.00286001014,2952219.639911064,120773.29288819937,5991.427645166288,580882.1446310758,5.768474275217332,703644.4094904551,696677.6331588664,691107.4481086966,6966.776331588626,580882.1446310758,true,115795.48852779064,0,-31166.66485003644,-105853.66771004657,true,true
365,4,0.86,10,0.02,true,,false,0.10789118092244898,0.16279069767441867,false,189869.79143180698,5403728.891819394,120773.29288819937,12409.600242372486,605933.3357682433,5.9739067216816935,735918.153908135,721488.386184446,715717.9454634368,14429.767723688972,605933.3357682433,true,115555.05041620275,0,-32494.909631148766,-222364.70106295575,true,true
365,4,0.86,10,0.05,false,CURVE_PROPORTION_CAP,false,0.10789118092244898,0.16279069767441867,false,,,120773.29288819937,34555.94544515398,688883.4275563845,6.654009500290081,843807.9701723648,803626.6382593951,797192.3201242635,40181.331912969705,0,false,803626.6382593951,0,-36908.54329408881,-36908.54329408881,true,true
365,4,0.86,10,0.1,false,CURVE_PROPORTION_CAP,false,0.10789118092244898,0.16279069767441867,false,,,120773.29288819937,83468.68500843248,857548.8722324132,8.03626432250773,1067622.7152241345,970566.1047492131,962778.2085435516,97056.61047492141,0,false,970566.1047492131,0,-45957.333709559796,-45957.333709559796,true,true
365,4,0.86,20,0,true,,false,0.10789118092244898,0.16279069767441867,false,,,120773.29288819937,0,673498.4237313184,6.528043875264678,788413.354934357,788413.354934357,782102.086363934,0,673498.4237313184,true,114914.93120303855,0,-36068.964406247294,-36068.964406247294,true,true
365,4,0.86,20,0.01,true,,false,0.10789118092244898,0.16279069767441867,false,74687.00286001014,2952219.639911064,120773.29288819937,7130.78600009426,714651.9615104903,6.865434757742577,837452.7744296851,829161.1628016684,822520.15761603,8291.61162801669,714651.9615104903,true,114509.20129117812,0,-38261.585707857084,-112948.58856786722,true,true
365,4,0.86,20,0.02,true,,false,0.10789118092244898,0.16279069767441867,false,189869.79143180698,5403728.891819394,120773.29288819937,15024.495377430809,759456.0569097366,7.23270147080497,890987.5165685678,873517.173106439,866516.8420265475,17470.34346212889,759456.0569097366,true,114061.11619670235,0,-40654.996762789175,-230524.78819459616,true,true
365,4,0.86,20,0.05,false,CURVE_PROPORTION_CAP,false,0.10789118092244898,0.16279069767441867,false,,,120773.29288819937,44393.18962571572,919999.0966810692,8.548245510646725,1084019.746674451,1032399.7587375724,1024108.994113916,51619.98793687869,0,false,1032399.7587375724,0,-49285.35733914783,-49285.35733914783,true,true
365,4,0.86,20,0.1,false,CURVE_PROPORTION_CAP,false,0.10789118092244898,0.16279069767441867,false,,,120773.29288819937,121821.7744583548,1308510.6228374906,11.72885351776367,1558185.487258025,1416532.261143659,1405100.277034173,141653.22611436597,0,false,1416532.261143659,0,-70527.31305774619,-70527.31305774619,true,true
365,4,0.915,1,0,true,,false,0.10789118092244898,0.09289617486338786,true,,,120773.29288819937,0,108297.41173284837,1.889622806203742,228215.96862186573,228215.96862186573,226402.6489729957,0,108297.41173284837,true,119918.55688901736,0,-4618.894883085566,-4618.894883085566,true,true
365,4,0.915,1,0.01,true,,false,0.10789118092244898,0.09289617486338786,true,74687.00286001014,2952219.639911064,120773.29288819937,2098.00361104685,109380.38585017687,1.8985158610233903,231582.91225763262,229290.01213626994,227468.13229130738,2292.900121362676,109380.38585017687,true,119909.62628609307,0,-4655.88122760132,-79342.88408761146,true,true
365,4,0.915,1,0.02,true,,false,0.10789118092244898,0.09289617486338786,true,189869.79143180698,5403728.891819394,120773.29288819937,4215.662079300208,110463.35996750536,1.9074088529029394,234971.32901017493,230364.0480491911,228533.60782463552,4607.28096098383,0,false,230364.0480491911,0,-4692.87510364312,-194562.6665354501,true,true
365,4,0.915,1,0.05,false,CURVE_PROPORTION_CAP,false,0.10789118092244898,0.09289617486338786,true,,,120773.29288819937,10686.564540527732,113712.2823194908,1.934087450871286,245265.4156842422,233586.11017546876,231729.98771146117,11679.305508773454,0,false,233586.11017546876,0,-4803.901924596299,-4803.901924596299,true,true
365,4,0.915,1,0.1,false,CURVE_PROPORTION_CAP,false,0.10789118092244898,0.09289617486338786,true,,,120773.29288819937,21864.479641486367,119127.15290613321,1.9785505217348986,262851.6678211475,238956.0616555886,237057.1317922373,23895.606165558886,0,false,238956.0616555886,0,-4989.097290986596,-4989.097290986596,true,true
365,4,0.915,3,0,true,,false,0.10789118092244898,0.09289617486338786,true,,,120773.29288819937,0,296386.7597028462,3.4340184525100876,414737.716348482,414737.716348482,411434.12453331886,0,296386.7597028462,true,118350.95664563583,0,-11058.91388062494,-11058.91388062494,true,true
365,4,0.915,3,0.01,true,,false,0.10789118092244898,0.09289617486338786,true,74687.00286001014,2952219.639911064,120773.29288819937,3846.6704940416967,302100.51533441327,3.48091152303823,424605.1583587024,420401.14688980434,417052.19057665917,4204.011468898039,302100.51533441327,true,118300.63155539107,0,-11257.22681307848,-85944.22967308862,true,true
365,4,0.915,3,0.02,true,,false,0.10789118092244898,0.09289617486338786,true,189869.79143180698,5403728.891819394,120773.29288819937,7798.282762684859,307886.14265830757,3.5283932391124377,434658.38349391037,426135.67009206896,422740.77295404783,8522.713401841407,0,false,426135.67009206896,0,-11458.178848198411,-201327.9702800054,true,true
365,4,0.915,3,0.05,false,CURVE_PROPORTION_CAP,false,0.10789118092244898,0.09289617486338786,true,,,120773.29288819937,20302.51427089417,325679.36700096267,3.6744117273195007,465959.34392216225,443770.80373539263,440234.5834601208,22188.54018676962,0,false,443770.80373539263,0,-12077.105550375534,-12077.105550375534,true,true
365,4,0.915,3,0.1,false,CURVE_PROPORTION_CAP,false,0.10789118092244898,0.09289617486338786,true,,,120773.29288819937,43428.76022491348,356819.8814579168,3.929935567195648,522094.3852175392,474631.259288672,470847.5747678721,47463.1259288672,0,false,474631.259288672,0,-13163.655941624995,-13163.655941624995,true,true
365,4,0.915,10,0,true,,false,0.10789118092244898,0.09289617486338786,true,,,120773.29288819937,0,731838.2599654462,7.006114596585599,846151.5301817213,846151.5301817213,839372.9577691497,0,731838.2599654462,true,114313.27021627512,0,-26372.585763993076,-26372.585763993076,true,true
365,4,0.915,10,0.01,true,,false,0.10789118092244898,0.09289617486338786,true,74687.00286001014,2952219.639911064,120773.29288819937,8057.4798004046315,766638.7420329745,7.29133787968595,889404.8741430352,880598.8852901339,873541.175128951,8805.988852901268,766638.7420329745,true,113960.14325715939,0,-27626.56096354191,-102313.56382355205,true,true
365,4,0.915,10,0.02,true,,false,0.10789118092244898,0.09289617486338786,true,189869.79143180698,5403728.891819394,120773.29288819937,16779.337310340023,803320.427926461,7.591940703392385,935241.751723864,916903.6781606509,909551.5139133906,18338.07356321311,0,false,916903.6781606509,0,-28952.95138647323,-218822.7428182802,true,true
365,4,0.915,10,0.05,false,CURVE_PROPORTION_CAP,false,0.10789118092244898,0.09289617486338786,true,,,120773.29288819937,47489.44824081857,925730.1985842073,8.594786990996184,1089921.7629040314,1038020.726575268,1029684.2692025952,51901.03632876347,0,false,1038020.726575268,0,-33413.86581662494,-33413.86581662494,true,true
365,4,0.915,10,0.1,false,CURVE_PROPORTION_CAP,false,0.10789118092244898,0.09289617486338786,true,,,120773.29288819937,117830.01841834607,1178309.4206533846,10.662620297411424,1416535.7405484226,1287759.7641349295,1277384.2813025862,128775.97641349304,0,false,1287759.7641349295,0,-42789.50357438992,-42789.50357438992,true,true
365,4,0.915,20,0,true,,false,0.10789118092244898,0.09289617486338786,true,,,120773.29288819937,0,1010813.6793412103,9.292093821718474,1122236.7686750332,1122236.7686750332,1113214.0585539504,0,1010813.6793412102,true,111423.08933382307,0,-36483.60946047444,-36483.60946047444,true,true
365,4,0.915,20,0.01,true,,false,0.10789118092244898,0.09289617486338786,true,74687.00286001014,2952219.639911064,120773.29288819937,10970.406410453841,1088385.5631510695,9.927290144999548,1210941.0354708473,1198951.5202681655,1189302.4726356308,11989.515202681767,1088385.5631510695,true,110565.95711709606,0,-39348.02888195361,-114035.03174196374,true,true
365,4,0.915,20,0.02,true,,false,0.10789118092244898,0.09289617486338786,true,189869.79143180698,5403728.891819394,120773.29288819937,23491.983036445687,1174120.1457142604,10.629129084131948,1309389.2184248331,1283714.920024346,1273372.4293256404,25674.298400487052,0,false,1283714.920024346,0,-42537.47303127333,-232407.26446308033,true,true
365,4,0.915,20,0.05,false,CURVE_PROPORTION_CAP,false,0.10789118092244898,0.09289617486338786,true,,,120773.29288819937,73042.63636818551,1490772.3083549223,13.219481887046747,1676388.3756632707,1596560.3577745433,1583645.953586474,79828.01788872737,0,false,1596560.3577745433,0,-54534.842908930994,-54534.842908930994,true,true
365,4,0.915,20,0.1,false,CURVE_PROPORTION_CAP,false,0.10789118092244898,0.09289617486338786,true,,,120773.29288819937,219222.96865322534,2301461.3297146484,19.83782491590214,2635467.382716375,2395879.438833068,2376306.115040626,239587.9438833068,0,false,2395879.438833068,0,-86857.49290336997,-86857.49290336997,true,true
365,4,0.945,1,0,true,,false,0.10789118092244898,0.058201058201058364,true,,,120773.29288819937,0,111848.14654376142,1.9187801278683574,231737.39437110178,231737.39437110178,229896.0078201115,0,111848.14654376142,true,119889.24782734035,0,-3698.2312650180247,-3698.2312650180247,true,true
365,4,0.945,1,0.01,true,,false,0.10789118092244898,0.058201058201058364,true,74687.00286001014,2952219.639911064,120773.29288819937,2200.40062096194,112966.62800919903,1.9279645440516975,235175.0928223876,232846.62655681942,230996.39852322484,2328.4662655681896,0,false,232846.62655681942,0,-3726.0364494717214,-78413.03930948186,true,true
365,4,0.945,1,0.02,true,,false,0.10789118092244898,0.058201058201058364,true,189869.79143180698,5403728.891819394,120773.29288819937,4421.765576968202,114085.10947463667,1.937148893090228,238634.9676459021,233955.85063323734,232096.78092142395,4679.117012664763,0,false,233955.85063323734,0,-3753.849671189455,-193623.64110299642,true,true
365,4,0.945,1,0.05,false,CURVE_PROPORTION_CAP,false,0.10789118092244898,0.058201058201058364,true,,,120773.29288819937,11211.6441560307,117440.5538709495,1.9647015372956877,249147.64791179306,237283.47420170766,235397.87828192234,11864.173710085393,0,false,237283.47420170766,0,-3837.337563957539,-3837.337563957539,true,true
365,4,0.945,1,0.1,false,CURVE_PROPORTION_CAP,false,0.10789118092244898,0.058201058201058364,true,,,120773.29288819937,22947.373693737754,123032.96119813756,2.010621267743962,267112.2863821327,242829.35125648425,240899.5410812089,24282.935125648422,0,false,242829.35125648425,0,-3976.64483493891,-3976.64483493891,true,true
365,4,0.945,3,0,true,,false,0.10789118092244898,0.058201058201058364,true,,,120773.29288819937,0,315389.6793832354,3.5899717459463343,433572.7091335371,433572.7091335371,430118.22156242165,0,315389.6793832354,true,118183.02975030168,0,-8780.962822313202,-8780.962822313202,true,true
365,4,0.945,3,0.01,true,,false,0.10789118092244898,0.058201058201058364,true,74687.00286001014,2952219.639911064,120773.29288819937,4154.841052519681,321537.356985193,3.640421730078679,444062.37704179133,439665.7198433578,436162.4024185923,4396.657198433531,0,false,439665.7198433578,0,-8937.583643570659,-83624.5865035808,true,true
365,4,0.945,3,0.02,true,,false,0.10789118092244898,0.058201058201058364,true,189869.79143180698,5403728.891819394,120773.29288819937,8426.30663602968,327763.502053215,3.691514235364718,454753.05654763366,445836.32994866045,442283.552839828,8916.726598973211,0,false,445836.32994866045,0,-9096.372264906924,-198966.16369671392,true,true
365,4,0.945,3,0.05,false,CURVE_PROPORTION_CAP,false,0.10789118092244898,0.058201058201058364,true,,,120773.29288819937,21962.71034137433,346918.3719781049,3.8486924995445664,488060.2298083177,464819.266484112,461114.2841523905,23240.96332420566,0,false,464819.266484112,0,-9585.957724216249,-9585.957724216249,true,true
365,4,0.945,3,0.1,false,CURVE_PROPORTION_CAP,false,0.10789118092244898,0.058201058201058364,true,,,120773.29288819937,47066.752461091965,380465.0419560493,4.123932209625235,547866.9598645625,498060.87260414776,494089.1771605967,49806.08726041473,0,false,498060.87260414776,0,-10447.301270644515,-10447.301270644515,true,true
365,4,0.945,10,0,true,,false,0.10789118092244898,0.058201058201058364,true,,,120773.29288819937,0,853133.305621422,8.000088420005444,966197.0218808096,966197.0218808096,958444.6241918248,0,853133.305621422,true,113063.71625938755,0,-22814.77771536907,-22814.77771536907,true,true
365,4,0.945,10,0.01,true,,false,0.10789118092244898,0.058201058201058364,true,74687.00286001014,2952219.639911064,120773.29288819937,9530.390389826498,895896.3397455802,8.350413369054674,1018591.9887539597,1008506.919558376,1000410.5920096671,10085.069195583696,0,false,1008506.919558376,0,-23976.380316783383,-98663.38317679352,true,true
365,4,0.945,10,0.02,true,,false,0.10789118092244898,0.058201058201058364,true,189869.79143180698,5403728.891819394,120773.29288819937,19905.1858697898,941059.6172652334,8.720342158178553,1074248.1263061112,1053184.437555011,1044724.5361114418,21063.68875110033,0,false,1053184.437555011,0,-25210.301729745595,-215080.09316155256,true,true
365,4,0.945,10,0.05,false,CURVE_PROPORTION_CAP,false,0.10789118092244898,0.058201058201058364,true,,,120773.29288819937,56832.230361606926,1092355.258582152,9.959143262616962,1262938.4524801546,1202798.5261715758,1193118.1403895663,60139.92630857881,0,false,1202798.5261715758,0,-29397.648064167093,-29397.648064167093,true,true
365,4,0.945,10,0.1,false,CURVE_PROPORTION_CAP,false,0.10789118092244898,0.058201058201058364,true,,,120773.29288819937,143022.3949487803,1406787.9922044629,12.531450129570562,1664810.9464937383,1513464.4968124893,1501235.3973964923,151346.44968124898,0,false,1513464.4968124893,0,-38369.47712195215,-38369.47712195215,true,true
365,4,0.945,20,0,true,,false,0.10789118092244898,0.058201058201058364,true,,,120773.29288819937,0,1297221.5486243702,11.636494281340251,1405377.7320321633,1405377.7320321633,1394037.3847565108,0,1297221.5486243702,true,108156.18340779305,0,-35077.48501317433,-35077.48501317433,true,true
365,4,0.945,20,0.01,true,,false,0.10789118092244898,0.058201058201058364,true,74687.00286001014,2952219.639911064,120773.29288819937,14325.962298872415,1409172.47626531,12.55223576494579,1531134.5949059443,1515974.8464415292,1503724.8159698995,15159.748464415083,0,false,1515974.8464415292,0,-38284.3448739704,-112971.34773398054,true,true
365,4,0.945,20,0.02,true,,false,0.10789118092244898,0.058201058201058364,true,189869.79143180698,5403728.891819394,120773.29288819937,30978.527186368126,1533832.1297026526,13.571506359634874,1671857.022756368,1639075.512506243,1625810.0777349442,32781.51025012485,0,false,1639075.512506243,0,-41906.22999441445,-231776.0214262214,true,true
365,4,0.945,20,0.05,false,CURVE_PROPORTION_CAP,false,0.10789118092244898,0.058201058201058364,true,,,120773.29288819937,99221.71870574285,2001020.8396765226,17.38737517542738,2204927.082349843,2099930.554618898,2082837.1642955192,104996.52773094503,0,false,2099930.554618898,0,-55966.19706345286,-55966.19706345286,true,true
365,4,0.945,20,0.1,false,CURVE_PROPORTION_CAP,false,0.10789118092244898,0.058201058201058364,true,,,120773.29288819937,312424.5082938401,3227658.996733405,27.374259439173606,3636687.398129358,3306079.4528448707,3278776.3435757686,330607.9452844872,0,false,3306079.4528448707,0,-96703.1204274455,-96703.1204274455,true,true
90,0.25,0.86,1,0,true,,false,0.025585539979758876,0.16279069767441867,false,,,8154.102026709103,0,6872.277188110432,1.841153387047297,15012.952564804693,15012.952564804693,14983.365211157785,0,6872.277188110432,true,8140.675376694261,0,-330.16623469516344,-330.16623469516344,true,true
90,0.25,0.86,1,0.01,false,CURVE_PROPORTION_CAP,false,0.025585539979758876,0.16279069767441867,false,,,8154.102026709103,129.70120022516312,6940.9999599915345,1.8495641654350772,15232.350259001718,15081.534909902692,15051.812283257179,150.8153490990262,6940.9999599915345,true,8140.534949911157,0,-333.31340312477005,-333.31340312477005,true,true
90,0.25,0.86,1,0.02,false,CURVE_PROPORTION_CAP,false,0.025585539979758876,0.16279069767441867,false,,,8154.102026709103,260.58201468400694,7009.72273187264,1.85797492883536,15453.11947544693,15150.117132791109,15120.259232380491,303.00234265582185,7009.72273187264,true,8140.394400918469,0,-336.4606934682088,-336.4606934682088,true,true
90,0.25,0.86,1,0.05,false,PT_PAR_CEILING,true,0.025585539979758876,0.16279069767441867,false,,,8154.102026709103,660.3021119310961,7215.891047515952,1.8832071291070727,16123.656221573261,15355.86306816501,15325.599341861373,767.7931534082509,0,false,15355.86306816501,0,-345.9032960469085,-345.9032960469085,true,true
90,0.25,0.86,1,0.1,false,PT_PAR_CEILING,true,0.025585539979758876,0.16279069767441867,false,,,8154.102026709103,1350.0942643522994,7559.504906921476,1.925260496410567,17268.64756729682,15698.770515724378,15667.830397614676,1569.877051572441,0,false,15698.770515724378,0,-361.6434058979976,-361.6434058979976,true,true
90,0.25,0.86,3,0,true,,false,0.025585539979758876,0.16279069767441867,false,,,8154.102026709103,0,17886.362548271707,3.1891127132124235,26004.350438209185,26004.350438209185,25953.070515304848,0,17886.362548271707,true,8117.987889937478,0,-834.738288687834,-834.738288687834,true,true
90,0.25,0.86,3,0.01,false,CURVE_PROPORTION_CAP,false,0.025585539979758876,0.16279069767441867,false,,,8154.102026709103,226.54017569290954,18224.627923859043,3.2305066588866036,26605.299703469747,26341.880894524504,26289.934414979194,263.41880894524365,18224.627923859043,true,8117.25297066546,0,-850.2727856944439,-850.2727856944439,true,true
90,0.25,0.86,3,0.02,false,CURVE_PROPORTION_CAP,false,0.025585539979758876,0.16279069767441867,false,,,8154.102026709103,458.95702158081986,18567.04076682475,3.272407884880958,27217.218721653204,26683.54776632667,26630.926536845993,533.6709553265355,18567.04076682475,true,8116.5069995019185,0,-865.9997867776992,-865.9997867776992,true,true
90,0.25,0.86,3,0.05,false,PT_PAR_CEILING,true,0.025585539979758876,0.16279069767441867,false,,,8154.102026709103,1192.547240573018,19619.4554193336,3.401190795340718,29120.339595387693,27733.65675751209,27678.96153693276,1386.6828378756036,0,false,27733.65675751209,0,-914.3499945645663,-914.3499945645663,true,true
90,0.25,0.86,3,0.1,false,PT_PAR_CEILING,true,0.025585539979758876,0.16279069767441867,false,,,8154.102026709103,2542.9573835389638,21459.14806708164,3.626306343084799,32526.19909177742,29569.271901615833,29510.950733641308,2956.9271901615866,0,false,29569.271901615833,0,-998.9163877275687,-998.9163877275687,true,true
90,0.25,0.86,10,0,true,,false,0.025585539979758876,0.16279069767441867,false,,,8154.102026709103,0,38376.83238593551,5.696366903893208,46448.75691591426,46448.75691591426,46357.05944473662,0,38376.83238593551,true,8071.924529978751,0,-1777.2828939243882,-1777.2828939243882,true,true
90,0.25,0.86,10,0.01,false,CURVE_PROPORTION_CAP,false,0.025585539979758876,0.16279069767441867,false,,,8154.102026709103,413.73672582842846,40041.02141490054,5.8999656185773945,48590.01082403552,48108.921607955956,48013.938207185085,481.0892160795629,40041.02141490054,true,8067.900193055415,0,-1854.1166354238721,-1854.1166354238721,true,true
90,0.25,0.86,10,0.02,false,CURVE_PROPORTION_CAP,false,0.025585539979758876,0.16279069767441867,false,,,8154.102026709103,857.4700573266455,41789.280164799486,6.113844313744568,50849.968515882276,49852.91030968851,49754.474446457476,997.0582061937675,41789.280164799486,true,8063.630144889023,0,-1934.874081532339,-1934.874081532339,true,true
90,0.25,0.86,10,0.05,false,PT_PAR_CEILING,true,0.025585539979758876,0.16279069767441867,false,,,8154.102026709103,2392.2689582134917,47585.00018987451,6.822843476410574,58415.869909864356,55634.16181891844,55524.276640408374,2781.7080909459182,0,false,55634.16181891844,0,-2202.90808033702,-2202.90808033702,true,true
90,0.25,0.86,10,0.1,false,PT_PAR_CEILING,true,0.025585539979758876,0.16279069767441867,false,,,8154.102026709103,5797.79256601337,59398.02663676864,8.267764176513591,74157.81189086863,67416.19262806239,67282.95258814687,6741.619262806242,0,false,67416.19262806239,0,-2750.7251616458598,-2750.7251616458598,true,true
90,0.25,0.86,20,0,true,,false,0.025585539979758876,0.16279069767441867,false,,,8154.102026709103,0,46955.045382457574,6.745829925377946,55006.185466359224,55006.185466359224,54897.544186116625,0,46955.045382457574,true,8051.14008390165,0,-2173.3696346342304,-2173.3696346342304,true,true
90,0.25,0.86,20,0.01,false,CURVE_PROPORTION_CAP,false,0.025585539979758876,0.16279069767441867,false,,,8154.102026709103,498.3409480012051,49902.922752122126,7.106438167047554,58526.08807921143,57946.62186060538,57832.15496559127,579.4662186060523,49902.922752122126,true,8043.699108483255,0,-2309.7813624542514,-2309.7813624542514,true,true
90,0.25,0.86,20,0.02,false,CURVE_PROPORTION_CAP,false,0.025585539979758876,0.16279069767441867,false,,,8154.102026709103,1051.8640387150226,53119.44002871033,7.499892173471474,62377.983691239555,61154.88597180348,61034.06078840546,1223.0977194360748,53119.44002871033,true,8035.445943093153,0,-2458.758012494145,-2458.758012494145,true,true
90,0.25,0.86,20,0.05,false,PT_PAR_CEILING,true,0.025585539979758876,0.16279069767441867,false,,,8154.102026709103,3126.312318750359,64700.37425626749,8.916363494988074,76340.18452762517,72704.9376453573,72561.20439684714,3635.246882267864,0,false,72704.9376453573,0,-2996.3063393259463,-2996.3063393259463,true,true
90,0.25,0.86,20,0.1,false,PT_PAR_CEILING,true,0.025585539979758876,0.16279069767441867,false,,,8154.102026709103,8681.092191668038,93021.72135766082,12.379405130155753,111037.22570738172,100942.93246125609,100743.07806639213,10094.293246125628,0,false,100942.93246125609,0,-4318.696163964461,-4318.696163964461,true,true
90,0.25,0.915,1,0,true,,false,0.025585539979758876,0.09289617486338786,false,,,8154.102026709103,0,7311.783287350052,1.8949429902435082,15451.558477242797,15451.558477242797,15421.105992360754,0,7311.783287350052,true,8139.775189892745,0,-221.32129135828745,-221.32129135828745,true,true
90,0.25,0.915,1,0.01,false,CURVE_PROPORTION_CAP,false,0.025585539979758876,0.09289617486338786,false,,,8154.102026709103,142.04941351062917,7384.901120223552,1.9038915647466963,15679.771327402756,15524.526066735401,15493.929652435436,155.24526066735416,7384.901120223552,true,8139.624946511849,0,-223.38082416151792,-223.38082416151792,true,true
90,0.25,0.915,1,0.02,false,CURVE_PROPORTION_CAP,false,0.025585539979758876,0.09289617486338786,false,,,8154.102026709103,285.43413137667267,7458.018953097054,1.9128401222796527,15909.443388208025,15597.493517851004,15566.75317326639,311.9498703570207,7458.018953097054,true,8139.47456475395,0,-225.44049503893893,-225.44049503893893,true,true
90,0.25,0.915,1,0.05,false,PT_PAR_CEILING,true,0.025585539979758876,0.09289617486338786,false,,,8154.102026709103,723.6000731162294,7677.372451717554,1.9396856930394764,16607.214792831437,15816.395040791844,15785.222900154678,790.8197520395934,0,false,15816.395040791844,0,-231.62033619487738,-231.62033619487738,true,true
90,0.25,0.915,1,0.1,false,PT_PAR_CEILING,true,0.025585539979758876,0.09289617486338786,false,,,8154.102026709103,1480.5823751708667,8042.961616085059,1.9844279714604462,17799.350958338247,16181.228143943858,16149.336325899818,1618.12281439439,0,false,16181.228143943858,0,-241.92283367398068,-241.92283367398068,true,true
90,0.25,0.915,3,0,true,,false,0.025585539979758876,0.09289617486338786,false,,,8154.102026709103,0,20121.978454190372,3.4626831826687616,28235.071957650875,28235.071957650875,28179.386347083997,0,20121.978454190372,true,8113.093503460503,0,-582.507985457105,-582.507985457105,true,true
90,0.25,0.915,3,0.01,false,CURVE_PROPORTION_CAP,false,0.025585539979758876,0.09289617486338786,false,,,8154.102026709103,261.9005697352695,20510.779780611265,3.5102593752280704,28909.243216680054,28623.013085821836,28566.561181434554,286.2301308582173,20510.779780611265,true,8112.233305210571,0,-593.5206047771235,-593.5206047771235,true,true
90,0.25,0.915,3,0.02,false,CURVE_PROPORTION_CAP,false,0.025585539979758876,0.09289617486338786,false,,,8154.102026709103,530.9900283034112,20904.489026870604,3.5584357966244973,29596.165511993437,29015.848541170035,28958.620642741967,580.3169708234018,20904.489026870604,true,8111.359514299431,0,-604.6749664477338,-604.6749664477338,true,true
90,0.25,0.915,3,0.05,false,PT_PAR_CEILING,true,0.025585539979758876,0.09289617486338786,false,,,8154.102026709103,1382.75119305927,22115.415093795986,3.706609224982111,31735.27328332755,30224.06979364529,30164.455010267407,1511.2034896822624,0,false,30224.06979364529,0,-638.9995491354221,-638.9995491354221,true,true
90,0.25,0.915,3,0.1,false,PT_PAR_CEILING,true,0.025585539979758876,0.09289617486338786,false,,,8154.102026709103,2959.010676508955,24235.057685669264,3.965968832795822,35572.805947102104,32338.914497365542,32275.12101772628,3233.891449736562,0,false,32338.914497365542,0,-699.1455130504055,-699.1455130504055,true,true
90,0.25,0.915,10,0,true,,false,0.025585539979758876,0.09289617486338786,false,,,8154.102026709103,0,50590.074985371975,7.190435452723716,58631.54429797544,58631.54429797544,58515.72030017589,0,50590.074985371975,true,8041.469312603462,0,-1449.707074014169,-1449.707074014169,true,true
90,0.25,0.915,10,0.01,false,CURVE_PROPORTION_CAP,false,0.025585539979758876,0.09289617486338786,false,,,8154.102026709103,558.7135316391068,53026.45151510695,7.488450347723148,61672.2040388526,61061.5881572798,60940.94806059881,610.6158815727977,53026.45151510695,true,8035.136642172853,0,-1519.656308043127,-1519.656308043127,true,true
90,0.25,0.915,10,0.02,false,CURVE_PROPORTION_CAP,false,0.025585539979758876,0.09289617486338786,false,,,8154.102026709103,1164.3288697643948,55596.164678765905,7.802763344635789,64897.01897047471,63624.528402426185,63498.8074963884,1272.4905680485244,55596.164678765905,true,8028.363723660281,0,-1593.5271345135097,-1593.5271345135097,true,true
90,0.25,0.915,10,0.05,false,PT_PAR_CEILING,true,0.025585539979758876,0.09289617486338786,false,,,8154.102026709103,3302.591613774406,64182.765452241074,8.852942310526027,75797.18457842898,72187.79483659903,72045.08817990188,3609.3897418299457,0,false,72187.79483659903,0,-1841.0649329192584,-1841.0649329192584,true,true
90,0.25,0.915,10,0.1,false,PT_PAR_CEILING,true,0.025585539979758876,0.09289617486338786,false,,,8154.102026709103,8225.988074459747,81948.24553649711,11.025310784193387,98891.65991153792,89901.50901048901,89723.61869088239,8990.15090104891,0,false,89901.50901048901,0,-2356.694248341055,-2356.694248341055,true,true
90,0.25,0.915,20,0,true,,false,0.025585539979758876,0.09289617486338786,false,,,8154.102026709103,0,71285.85777707557,9.721737314700418,79272.03794093218,79272.03794093218,79115.26745526055,0,71285.85777707557,true,7986.18016385661,0,-2045.382517243349,-2045.382517243349,true,true
90,0.25,0.915,20,0.01,false,CURVE_PROPORTION_CAP,false,0.025585539979758876,0.09289617486338786,false,,,8154.102026709103,776.8232755852368,76928.76896186288,10.411780275143112,85747.70582962624,84898.7186431943,84730.77087665215,848.987186431943,76928.76896186288,true,7969.949681331418,0,-2208.951935089338,-2208.951935089338,true,true
90,0.25,0.915,20,0.02,false,CURVE_PROPORTION_CAP,false,0.025585539979758876,0.09289617486338786,false,,,8154.102026709103,1667.7631782293902,83183.15898365501,11.176534167064547,92957.29190130945,91134.59990324455,90954.257191721,1822.6919980648963,83183.15898365501,true,7951.440919589542,0,-2390.7643516129674,-2390.7643516129674,true,true
90,0.25,0.915,20,0.05,false,PT_PAR_CEILING,true,0.025585539979758876,0.09289617486338786,false,,,8154.102026709103,5229.440467965658,106426.90377966496,14.018062235166997,120019.94516642502,114304.70968230955,114078.24388229121,5715.235484115474,0,false,114304.70968230955,0,-3071.2874461706706,-3071.2874461706706,true,true
90,0.25,0.915,20,0.1,false,PT_PAR_CEILING,true,0.025585539979758876,0.09289617486338786,false,,,8154.102026709103,15960.066140369134,166777.20026174805,21.39131344964999,191869.64758913676,174426.95235376066,174080.31892367714,17442.6952353761,0,false,174426.95235376066,0,-4874.982644923879,-4874.982644923879,true,true
90,0.25,0.945,1,0,true,,false,0.025585539979758876,0.058201058201058364,false,,,8154.102026709103,0,7551.5138869352995,1.9242825153816134,15690.795958634102,15690.795958634102,15659.87157078376,0,7551.5138869352995,true,8139.282071698803,0,-157.302034871228,-157.302034871228,true,true
90,0.25,0.945,1,0.01,false,CURVE_PROPORTION_CAP,false,0.025585539979758876,0.058201058201058364,false,,,8154.102026709103,148.99016907000987,7627.029025804652,1.9335244280119457,15923.817011715202,15766.155457143765,15735.082417929296,157.6615545714376,7627.029025804652,true,8139.126431339113,0,-158.72184044747792,-158.72184044747792,true,true
90,0.25,0.945,1,0.02,false,CURVE_PROPORTION_CAP,false,0.025585539979758876,0.058201058201058364,false,,,8154.102026709103,299.40462987152205,7702.544164674005,1.9427663225364853,16158.345104177284,15841.514808016944,15810.293116514446,316.83029616034037,0,false,15841.514808016944,0,-160.14179333967968,-160.14179333967968,true,true
90,0.25,0.945,1,0.05,false,PT_PAR_CEILING,true,0.025585539979758876,0.058201058201058364,false,,,8154.102026709103,759.193720806381,7929.089581282064,1.9704918974656156,16870.97157347515,16067.591974738241,16035.924320829938,803.3795987369103,0,false,16067.591974738241,0,-164.40253599894731,-164.40253599894731,true,true
90,0.25,0.945,1,0.1,false,PT_PAR_CEILING,true,0.025585539979758876,0.058201058201058364,false,,,8154.102026709103,1553.9943162632408,8306.665275628831,2.0167008268007423,18088.822728990046,16444.384299081856,16411.973356035487,1644.4384299081903,0,false,16444.384299081856,0,-171.5067208952987,-171.5067208952987,true,true
90,0.25,0.945,3,0,true,,false,0.025585539979758876,0.058201058201058364,false,,,8154.102026709103,0,21415.126562325197,3.620919700587823,29525.348669114082,29525.348669114082,29467.114272404528,0,21415.126562325197,true,8110.222106788886,0,-418.44518476087524,-418.44518476087524,true,true
90,0.25,0.945,3,0.01,false,CURVE_PROPORTION_CAP,false,0.025585539979758876,0.058201058201058364,false,,,8154.102026709103,282.95947428728323,21833.514800241763,3.672115140797024,30242.229527001018,29942.801511882197,29883.74241182633,299.42801511882135,21833.514800241763,true,8109.286711640434,0,-426.3844600079037,-426.3844600079037,true,true
90,0.25,0.945,3,0.02,false,CURVE_PROPORTION_CAP,false,0.025585539979758876,0.058201058201058364,false,,,8154.102026709103,573.9098044742568,22257.261974783592,3.7239659279301622,30972.9100827376,30365.59812033098,30305.703722372284,607.3119624066203,0,false,30365.59812033098,0,-434.4286084422183,-434.4286084422183,true,true
90,0.25,0.945,3,0.05,false,PT_PAR_CEILING,true,0.025585539979758876,0.058201058201058364,false,,,8154.102026709103,1496.239043685826,23561.04354365419,3.8834974940559848,33249.7565263517,31666.434787001624,31603.970154492334,1583.3217393500781,0,false,31666.434787001624,0,-459.1989370670408,-459.1989370670408,true,true
90,0.25,0.945,3,0.1,false,PT_PAR_CEILING,true,0.025585539979758876,0.058201058201058364,false,,,8154.102026709103,3207.7984241093036,25844.79803752618,4.1629301126835685,37339.45255576958,33944.95686888143,33877.9893982216,3394.495686888149,0,false,33944.95686888143,0,-502.6614493914567,-502.6614493914567,true,true
90,0.25,0.945,10,0,true,,false,0.025585539979758876,0.058201058201058364,false,,,8154.102026709103,0,59088.33282943174,8.22988690031538,67107.33745344833,67107.33745344833,66974.71000552294,0,59088.33282943174,true,8019.00462401659,0,-1140.3007397688725,-1140.3007397688725,true,true
90,0.25,0.945,10,0.01,false,CURVE_PROPORTION_CAP,false,0.025585539979758876,0.058201058201058364,false,,,8154.102026709103,662.438634095306,62088.505505962166,8.59681742142521,70800.31962288434,70099.32635929143,69960.76369255583,700.9932635929144,62088.505505962166,true,8010.820853329264,0,-1198.704397672459,-1198.704397672459,true,true
90,0.25,0.945,10,0.02,false,CURVE_PROPORTION_CAP,false,0.025585539979758876,0.058201058201058364,false,,,8154.102026709103,1384.6374873536406,65259.21544500683,8.984587447784394,74726.46757146636,73261.24271712388,73116.40575178672,1465.2248543424794,0,false,73261.24271712388,0,-1260.5721586915715,-1260.5721586915715,true,true
90,0.25,0.945,10,0.05,false,PT_PAR_CEILING,true,0.025585539979758876,0.058201058201058364,false,,,8154.102026709103,3962.730752874544,75895.88481462664,10.285291653997414,88060.68339721224,83867.31752115452,83701.4196801622,4193.365876057724,0,false,83867.31752115452,0,-1469.2103131613285,-1469.2103131613285,true,true
90,0.25,0.945,10,0.1,false,PT_PAR_CEILING,true,0.025585539979758876,0.058201058201058364,false,,,8154.102026709103,10014.008714360229,98066.20262323703,12.995710114565922,116565.18080207657,105968.34618370596,105758.48877974758,10596.834618370616,0,false,105968.34618370596,0,-1909.5882873100536,-1909.5882873100536,true,true
90,0.25,0.945,20,0,true,,false,0.025585539979758876,0.058201058201058364,false,,,8154.102026709103,0,92193.70902073417,12.278178116661659,100117.51706536618,100117.51706536618,99919.30540936091,0,92193.70902073417,true,7923.808044632009,0,-1789.6363126942515,-1789.6363126942515,true,true
90,0.25,0.945,20,0.01,false,CURVE_PROPORTION_CAP,false,0.025585539979758876,0.058201058201058364,false,,,8154.102026709103,1023.5717669071018,100416.88854574971,13.28343358150203,109397.61741546726,108314.47268858145,108099.94146167286,1083.1447268858174,100416.88854574971,true,7897.584142831736,0,-1953.4991874569305,-1953.4991874569305,true,true
90,0.25,0.945,20,0.02,false,CURVE_PROPORTION_CAP,false,0.025585539979758876,0.058201058201058364,false,,,8154.102026709103,2220.197832620135,109603.64332710471,14.406342281459722,119820.20049061006,117470.78479471574,117238.00824767767,2349.4156958943204,0,false,117470.78479471574,0,-2137.706457350867,-2137.706457350867,true,true
90,0.25,0.945,20,0.05,false,PT_PAR_CEILING,true,0.025585539979758876,0.058201058201058364,false,,,8154.102026709103,7183.254616870137,144285.446162282,18.644180835611635,159627.88037489142,152026.55273799182,151724.77175961764,7601.327636899601,0,false,152026.55273799182,0,-2844.207442046444,-2844.207442046444,true,true
90,0.25,0.945,20,0.1,false,PT_PAR_CEILING,true,0.025585539979758876,0.058201058201058364,false,,,8154.102026709103,23080.127435184055,236920.33693309556,29.952305226654175,268657.5680285975,244234.15275327046,243747.1638255356,24423.415275327046,0,false,244234.15275327046,0,-4821.713326305827,-4821.713326305827,true,true
90,1,0.86,1,0,true,,false,0.025585539979758876,0.16279069767441867,false,,,32616.40810683641,0,27489.108752441727,1.841153387047297,60051.81025921877,60051.81025921877,59933.46084463114,0,27489.108752441727,true,32562.701506777044,0,-1320.6649387806538,-1320.6649387806538,true,true
90,1,0.86,1,0.01,false,CURVE_PROPORTION_CAP,false,0.025585539979758876,0.16279069767441867,false,,,32616.40810683641,518.8048009006525,27763.999839966138,1.8495641654350772,60929.40103600687,60326.13963961077,60207.249133028716,603.2613963961048,27763.999839966138,true,32562.13979964463,0,-1333.2536124990802,-1333.2536124990802,true,true
90,1,0.86,1,0.02,false,CURVE_PROPORTION_CAP,false,0.025585539979758876,0.16279069767441867,false,,,32616.40810683641,1042.3280587360277,28038.89092749056,1.85797492883536,61812.47790178772,60600.468531164435,60481.036929521964,1212.0093706232874,28038.89092749056,true,32561.577603673875,0,-1345.842773872835,-1345.842773872835,true,true
90,1,0.86,1,0.05,false,PT_PAR_CEILING,true,0.025585539979758876,0.16279069767441867,false,,,32616.40810683641,2641.2084477243843,28863.564190063807,1.8832071291070727,64494.624886293044,61423.45227266004,61302.39736744549,3071.1726136330035,0,false,61423.45227266004,0,-1383.613184187634,-1383.613184187634,true,true
90,1,0.86,1,0.1,false,PT_PAR_CEILING,true,0.025585539979758876,0.16279069767441867,false,,,32616.40810683641,5400.377057409198,30238.019627685902,1.925260496410567,69074.59026918728,62795.08206289751,62671.321590458705,6279.508206289764,0,false,62795.08206289751,0,-1446.5736235919903,-1446.5736235919903,true,true
90,1,0.86,3,0,true,,false,0.025585539979758876,0.16279069767441867,false,,,32616.40810683641,0,71545.45019308683,3.1891127132124235,104017.40175283674,104017.40175283674,103812.28206121939,0,71545.45019308683,true,32471.951559749912,0,-3338.953154751336,-3338.953154751336,true,true
90,1,0.86,3,0.01,false,CURVE_PROPORTION_CAP,false,0.025585539979758876,0.16279069767441867,false,,,32616.40810683641,906.1607027716382,72898.51169543617,3.2305066588866036,106421.19881387899,105367.52357809801,105159.73765991678,1053.6752357809746,72898.51169543617,true,32469.01188266184,0,-3401.0911427777755,-3401.0911427777755,true,true
90,1,0.86,3,0.02,false,CURVE_PROPORTION_CAP,false,0.025585539979758876,0.16279069767441867,false,,,32616.40810683641,1835.8280863232794,74268.163067299,3.272407884880958,108868.87488661282,106734.19106530667,106523.70614738397,2134.683821306142,74268.163067299,true,32466.027998007674,0,-3463.999147110797,-3463.999147110797,true,true
90,1,0.86,3,0.05,false,PT_PAR_CEILING,true,0.025585539979758876,0.16279069767441867,false,,,32616.40810683641,4770.188962292072,78477.8216773344,3.401190795340718,116481.35838155077,110934.62703004836,110715.84614773103,5546.731351502414,0,false,110934.62703004836,0,-3657.399978258265,-3657.399978258265,true,true
90,1,0.86,3,0.1,false,PT_PAR_CEILING,true,0.025585539979758876,0.16279069767441867,false,,,32616.40810683641,10171.829534155855,85836.59226832657,3.626306343084799,130104.79636710968,118277.08760646333,118043.80293456523,11827.708760646346,0,false,118277.08760646333,0,-3995.6655509102748,-3995.6655509102748,true,true
90,1,0.86,10,0,true,,false,0.025585539979758876,0.16279069767441867,false,,,32616.40810683641,0,153507.32954374203,5.696366903893208,185795.02766365703,185795.02766365703,185428.23777894647,0,153507.32954374203,true,32287.698119915003,0,-7109.131575697553,-7109.131575697553,true,true
90,1,0.86,10,0.01,false,CURVE_PROPORTION_CAP,false,0.025585539979758876,0.16279069767441867,false,,,32616.40810683641,1654.9469033137138,160164.08565960216,5.8999656185773945,194360.04329614207,192435.68643182382,192055.75282874034,1924.3568643182516,160164.08565960216,true,32271.60077222166,0,-7416.466541695489,-7416.466541695489,true,true
90,1,0.86,10,0.02,false,CURVE_PROPORTION_CAP,false,0.025585539979758876,0.16279069767441867,false,,,32616.40810683641,3429.880229306582,167157.12065919794,6.113844313744568,203399.8740635291,199411.64123875403,199017.8977858299,3988.23282477507,167157.12065919794,true,32254.52057955609,0,-7739.496326129356,-7739.496326129356,true,true
90,1,0.86,10,0.05,false,PT_PAR_CEILING,true,0.025585539979758876,0.16279069767441867,false,,,32616.40810683641,9569.075832853967,190340.00075949804,6.822843476410574,233663.47963945742,222536.64727567375,222097.1065616335,11126.832363783673,0,false,222536.64727567375,0,-8811.63232134808,-8811.63232134808,true,true
90,1,0.86,10,0.1,false,PT_PAR_CEILING,true,0.025585539979758876,0.16279069767441867,false,,,32616.40810683641,23191.17026405348,237592.10654707457,8.267764176513591,296631.2475634745,269664.77051224955,269131.8103525875,26966.477051224967,0,false,269664.77051224955,0,-11002.900646583439,-11002.900646583439,true,true
90,1,0.86,20,0,true,,false,0.025585539979758876,0.16279069767441867,false,,,32616.40810683641,0,187820.1815298303,6.745829925377946,220024.7418654369,220024.7418654369,219590.1767444665,0,187820.1815298303,true,32204.5603356066,0,-8693.478538536921,-8693.478538536921,true,true
90,1,0.86,20,0.01,false,CURVE_PROPORTION_CAP,false,0.025585539979758876,0.16279069767441867,false,,,32616.40810683641,1993.3637920048204,199611.6910084885,7.106438167047554,234104.35231684573,231786.48744242152,231328.61986236507,2317.864874424209,199611.6910084885,true,32174.79643393302,0,-9239.125449817006,-9239.125449817006,true,true
90,1,0.86,20,0.02,false,CURVE_PROPORTION_CAP,false,0.025585539979758876,0.16279069767441867,false,,,32616.40810683641,4207.4561548600905,212477.7601148413,7.499892173471474,249511.93476495822,244619.54388721392,244136.24315362185,4892.390877744299,212477.7601148413,true,32141.78377237261,0,-9835.03204997658,-9835.03204997658,true,true
90,1,0.86,20,0.05,false,PT_PAR_CEILING,true,0.025585539979758876,0.16279069767441867,false,,,32616.40810683641,12505.249275001435,258801.49702506996,8.916363494988074,305360.7381105007,290819.7505814292,290244.81758738856,14540.987529071455,0,false,290819.7505814292,0,-11985.225357303785,-11985.225357303785,true,true
90,1,0.86,20,0.1,false,PT_PAR_CEILING,true,0.025585539979758876,0.16279069767441867,false,,,32616.40810683641,34724.36876667215,372086.8854306433,12.379405130155753,444148.90282952687,403771.72984502435,402972.31226556853,40377.17298450251,0,false,403771.72984502435,0,-17274.784655857846,-17274.784655857846,true,true
90,1,0.915,1,0,true,,false,0.025585539979758876,0.09289617486338786,false,,,32616.40810683641,0,29247.133149400208,1.8949429902435082,61806.23390897119,61806.23390897119,61684.423969443014,0,29247.133149400208,true,32559.10075957098,0,-885.2851654331498,-885.2851654331498,true,true
90,1,0.915,1,0.01,false,CURVE_PROPORTION_CAP,false,0.025585539979758876,0.09289617486338786,false,,,32616.40810683641,568.1976540425167,29539.60448089421,1.9038915647466963,62719.08530961102,62098.104266941606,61975.71860974174,620.9810426694166,29539.60448089421,true,32558.499786047396,0,-893.5232966460717,-893.5232966460717,true,true
90,1,0.915,1,0.02,false,CURVE_PROPORTION_CAP,false,0.025585539979758876,0.09289617486338786,false,,,32616.40810683641,1141.7365255066907,29832.075812388215,1.9128401222796527,63637.7735528321,62389.974071404016,62267.01269306556,1247.7994814280828,29832.075812388215,true,32557.8982590158,0,-901.7619801557557,-901.7619801557557,true,true
90,1,0.915,1,0.05,false,PT_PAR_CEILING,true,0.025585539979758876,0.09289617486338786,false,,,32616.40810683641,2894.4002924649176,30709.489806870217,1.9396856930394764,66428.85917132575,63265.580163167375,63140.891600618714,3163.2790081583735,0,false,63265.580163167375,0,-926.4813447795095,-926.4813447795095,true,true
90,1,0.915,1,0.1,false,PT_PAR_CEILING,true,0.025585539979758876,0.09289617486338786,false,,,32616.40810683641,5922.329500683467,32171.846464340237,1.9844279714604462,71197.40383335299,64724.91257577543,64597.34530359927,6472.49125757756,0,false,64724.91257577543,0,-967.6913346959227,-967.6913346959227,true,true
90,1,0.915,3,0,true,,false,0.025585539979758876,0.09289617486338786,false,,,32616.40810683641,0,80487.91381676149,3.4626831826687616,112940.2878306035,112940.2878306035,112717.54538833599,0,80487.91381676149,true,32452.37401384201,0,-2330.03194182842,-2330.03194182842,true,true
90,1,0.915,3,0.01,false,CURVE_PROPORTION_CAP,false,0.025585539979758876,0.09289617486338786,false,,,32616.40810683641,1047.602278941078,82043.11912244506,3.5102593752280704,115636.97286672021,114492.05234328735,114266.24472573822,1144.9205234328692,82043.11912244506,true,32448.933220842286,0,-2374.082419108494,-2374.082419108494,true,true
90,1,0.915,3,0.02,false,CURVE_PROPORTION_CAP,false,0.025585539979758876,0.09289617486338786,false,,,32616.40810683641,2123.960113213645,83617.95610748242,3.5584357966244973,118384.66204797375,116063.39416468014,115834.48257096787,2321.267883293607,83617.95610748242,true,32445.438057197724,0,-2418.6998657909353,-2418.6998657909353,true,true
90,1,0.915,3,0.05,false,PT_PAR_CEILING,true,0.025585539979758876,0.09289617486338786,false,,,32616.40810683641,5531.00477223708,88461.66037518394,3.706609224982111,126941.0931333102,120896.27917458116,120657.82004106963,6044.81395872905,0,false,120896.27917458116,0,-2555.9981965416882,-2555.9981965416882,true,true
90,1,0.915,3,0.1,false,PT_PAR_CEILING,true,0.025585539979758876,0.09289617486338786,false,,,32616.40810683641,11836.04270603582,96940.23074267706,3.965968832795822,142291.22378840842,129355.65798946217,129100.48407090512,12935.565798946249,0,false,129355.65798946217,0,-2796.582052201622,-2796.582052201622,true,true
90,1,0.915,10,0,true,,false,0.025585539979758876,0.09289617486338786,false,,,32616.40810683641,0,202360.2999414879,7.190435452723716,234526.17719190175,234526.17719190175,234062.88120070356,0,202360.2999414879,true,32165.877250413847,0,-5798.828296056676,-5798.828296056676,true,true
90,1,0.915,10,0.01,false,CURVE_PROPORTION_CAP,false,0.025585539979758876,0.09289617486338786,false,,,32616.40810683641,2234.854126556427,212105.8060604278,7.488450347723148,246688.8161554104,244246.3526291192,243763.79224239523,2442.4635262911906,212105.8060604278,true,32140.54656869141,0,-6078.625232172508,-6078.625232172508,true,true
90,1,0.915,10,0.02,false,CURVE_PROPORTION_CAP,false,0.025585539979758876,0.09289617486338786,false,,,32616.40810683641,4657.315479057579,222384.65871506362,7.802763344635789,259588.07588189884,254498.11360970474,253995.2299855536,5089.962272194098,222384.65871506362,true,32113.454894641123,0,-6374.108538054039,-6374.108538054039,true,true
90,1,0.915,10,0.05,false,PT_PAR_CEILING,true,0.025585539979758876,0.09289617486338786,false,,,32616.40810683641,13210.366455097625,256731.0618089643,8.852942310526027,303188.7383137159,288751.1793463961,288180.35271960753,14437.558967319783,0,false,288751.1793463961,0,-7364.259731677033,-7364.259731677033,true,true
90,1,0.915,10,0.1,false,PT_PAR_CEILING,true,0.025585539979758876,0.09289617486338786,false,,,32616.40810683641,32903.95229783899,327792.98214598844,11.025310784193387,395566.6396461517,359606.03604195605,358894.47476352955,35960.60360419564,0,false,359606.03604195605,0,-9426.77699336422,-9426.77699336422,true,true
90,1,0.915,20,0,true,,false,0.025585539979758876,0.09289617486338786,false,,,32616.40810683641,0,285143.43110830226,9.721737314700418,317088.1517637287,317088.1517637287,316461.0698210422,0,285143.43110830226,true,31944.72065542644,0,-8181.530068973396,-8181.530068973396,true,true
90,1,0.915,20,0.01,false,CURVE_PROPORTION_CAP,false,0.025585539979758876,0.09289617486338786,false,,,32616.40810683641,3107.2931023409474,307715.0758474515,10.411780275143112,342990.82331850496,339594.8745727772,338923.0835066086,3395.948745727772,307715.0758474515,true,31879.798725325672,0,-8835.807740357352,-8835.807740357352,true,true
90,1,0.915,20,0.02,false,CURVE_PROPORTION_CAP,false,0.025585539979758876,0.09289617486338786,false,,,32616.40810683641,6671.052712917561,332732.63593462005,11.176534167064547,371829.1676052378,364538.3996129782,363817.028766884,7290.767992259585,332732.63593462005,true,31805.76367835817,0,-9563.05740645187,-9563.05740645187,true,true
90,1,0.915,20,0.05,false,PT_PAR_CEILING,true,0.025585539979758876,0.09289617486338786,false,,,32616.40810683641,20917.761871862633,425707.61511865986,14.018062235166997,480079.7806657001,457218.8387292382,456312.97552916483,22860.941936461895,0,false,457218.8387292382,0,-12285.149784682682,-12285.149784682682,true,true
90,1,0.915,20,0.1,false,PT_PAR_CEILING,true,0.025585539979758876,0.09289617486338786,false,,,32616.40810683641,63840.264561476535,667108.8010469922,21.39131344964999,767478.590356547,697707.8094150426,696321.2756947086,69770.7809415044,0,false,697707.8094150426,0,-19499.930579695516,-19499.930579695516,true,true
90,1,0.945,1,0,true,,false,0.025585539979758876,0.058201058201058364,false,,,32616.40810683641,0,30206.055547741198,1.9242825153816134,62763.18383453641,62763.18383453641,62639.48628313504,0,30206.055547741198,true,32557.12828679521,0,-629.208139484912,-629.208139484912,true,true
90,1,0.945,1,0.01,false,CURVE_PROPORTION_CAP,false,0.025585539979758876,0.058201058201058364,false,,,32616.40810683641,595.9606762800395,30508.116103218606,1.9335244280119457,63695.26804686081,63064.62182857506,62940.32967171718,630.6462182857504,30508.116103218606,true,32556.505725356452,0,-634.8873617899117,-634.8873617899117,true,true
90,1,0.945,1,0.02,false,CURVE_PROPORTION_CAP,false,0.025585539979758876,0.058201058201058364,false,,,32616.40810683641,1197.6185194860882,30810.17665869602,1.9427663225364853,64633.38041670914,63366.059232067775,63241.17246605778,1267.3211846413615,0,false,63366.059232067775,0,-640.5671733587187,-640.5671733587187,true,true
90,1,0.945,1,0.05,false,PT_PAR_CEILING,true,0.025585539979758876,0.058201058201058364,false,,,32616.40810683641,3036.774883225524,31716.358325128254,1.9704918974656156,67483.8862939006,64270.367898952965,64143.69728331975,3213.5183949476414,0,false,64270.367898952965,0,-657.6101439957893,-657.6101439957893,true,true
90,1,0.945,1,0.1,false,PT_PAR_CEILING,true,0.025585539979758876,0.058201058201058364,false,,,32616.40810683641,6215.977265052963,33226.661102515325,2.0167008268007423,72355.29091596018,65777.53719632742,65647.89342414195,6577.753719632761,0,false,65777.53719632742,0,-686.0268835811949,-686.0268835811949,true,true
90,1,0.945,3,0,true,,false,0.025585539979758876,0.058201058201058364,false,,,32616.40810683641,0,85660.50624930079,3.620919700587823,118101.39467645633,118101.39467645633,117868.45708961811,0,85660.50624930079,true,32440.888427155543,0,-1673.780739043501,-1673.780739043501,true,true
90,1,0.945,3,0.01,false,CURVE_PROPORTION_CAP,false,0.025585539979758876,0.058201058201058364,false,,,32616.40810683641,1131.837897149133,87334.05920096705,3.672115140797024,120968.91810800407,119771.20604752879,119534.96964730532,1197.7120604752854,87334.05920096705,true,32437.146846561736,0,-1705.537840031615,-1705.537840031615,true,true
90,1,0.945,3,0.02,false,CURVE_PROPORTION_CAP,false,0.025585539979758876,0.058201058201058364,false,,,32616.40810683641,2295.6392178970273,89029.04789913437,3.7239659279301622,123891.6403309504,121462.39248132391,121222.81488948913,2429.247849626481,0,false,121462.39248132391,0,-1737.7144337688733,-1737.7144337688733,true,true
90,1,0.945,3,0.05,false,PT_PAR_CEILING,true,0.025585539979758876,0.058201058201058364,false,,,32616.40810683641,5984.956174743304,94244.17417461675,3.8834974940559848,132999.0261054068,126665.7391480065,126415.88061796933,6333.2869574003125,0,false,126665.7391480065,0,-1836.7957482681632,-1836.7957482681632,true,true
90,1,0.945,3,0.1,false,PT_PAR_CEILING,true,0.025585539979758876,0.058201058201058364,false,,,32616.40810683641,12831.193696437214,103379.19215010472,4.1629301126835685,149357.81022307833,135779.82747552573,135511.9575928864,13577.982747552596,0,false,135779.82747552573,0,-2010.6457975658268,-2010.6457975658268,true,true
90,1,0.945,10,0,true,,false,0.025585539979758876,0.058201058201058364,false,,,32616.40810683641,0,236353.33131772696,8.22988690031538,268429.3498137933,268429.3498137933,267898.84002209175,0,236353.33131772696,true,32076.01849606636,0,-4561.20295907549,-4561.20295907549,true,true
90,1,0.945,10,0.01,false,CURVE_PROPORTION_CAP,false,0.025585539979758876,0.058201058201058364,false,,,32616.40810683641,2649.754536381224,248354.02202384867,8.59681742142521,283201.2784915374,280397.3054371657,279843.05477022333,2803.973054371658,248354.02202384867,true,32043.283413317055,0,-4794.817590689836,-4794.817590689836,true,true
90,1,0.945,10,0.02,false,CURVE_PROPORTION_CAP,false,0.025585539979758876,0.058201058201058364,false,,,32616.40810683641,5538.549949414562,261036.8617800273,8.984587447784394,298905.87028586544,293044.9708684955,292465.6230071469,5860.8994173699175,0,false,293044.9708684955,0,-5042.288634766286,-5042.288634766286,true,true
90,1,0.945,10,0.05,false,PT_PAR_CEILING,true,0.025585539979758876,0.058201058201058364,false,,,32616.40810683641,15850.923011498176,303583.53925850656,10.285291653997414,352242.73358884896,335469.27008461807,334805.6787206488,16773.463504230895,0,false,335469.27008461807,0,-5876.841252645314,-5876.841252645314,true,true
90,1,0.945,10,0.1,false,PT_PAR_CEILING,true,0.025585539979758876,0.058201058201058364,false,,,32616.40810683641,40056.034857440914,392264.8104929481,12.995710114565922,466260.7232083063,423873.38473482383,423033.9551189903,42387.338473482465,0,false,423873.38473482383,0,-7638.353149240214,-7638.353149240214,true,true
90,1,0.945,20,0,true,,false,0.025585539979758876,0.058201058201058364,false,,,32616.40810683641,0,368774.8360829367,12.278178116661659,400470.0682614647,400470.0682614647,399677.22163744364,0,368774.8360829367,true,31695.232178528036,0,-7158.545250777006,-7158.545250777006,true,true
90,1,0.945,20,0.01,false,CURVE_PROPORTION_CAP,false,0.025585539979758876,0.058201058201058364,false,,,32616.40810683641,4094.2870676284074,401667.55418299884,13.28343358150203,437590.46966186905,433257.8907543258,432399.76584669144,4332.578907543269,401667.55418299884,true,31590.336571326945,0,-7813.996749827722,-7813.996749827722,true,true
90,1,0.945,20,0.02,false,CURVE_PROPORTION_CAP,false,0.025585539979758876,0.058201058201058364,false,,,32616.40810683641,8880.79133048054,438414.57330841885,14.406342281459722,479280.80196244025,469883.13917886297,468952.0329907107,9397.662783577282,0,false,469883.13917886297,0,-8550.825829403468,-8550.825829403468,true,true
90,1,0.945,20,0.05,false,PT_PAR_CEILING,true,0.025585539979758876,0.058201058201058364,false,,,32616.40810683641,28733.01846748055,577141.784649128,18.644180835611635,638511.5214995657,608106.2109519673,606899.0870384705,30405.310547598405,0,false,608106.2109519673,0,-11376.829768185777,-11376.829768185777,true,true
90,1,0.945,20,0.1,false,PT_PAR_CEILING,true,0.025585539979758876,0.058201058201058364,false,,,32616.40810683641,92320.50974073622,947681.3477323822,29.952305226654175,1074630.27211439,976936.6110130819,974988.6553021424,97693.66110130819,0,false,976936.6110130819,0,-19286.853305223307,-19286.853305223307,true,true
90,4,0.86,1,0,true,,false,0.025585539979758876,0.16279069767441867,false,,,130465.63242734564,0,109956.43500976691,1.841153387047297,240207.2410368751,240207.2410368751,239733.84337852456,0,109956.43500976691,true,130250.80602710818,0,-5282.659755122615,-5282.659755122615,true,true
90,4,0.86,1,0.01,false,CURVE_PROPORTION_CAP,false,0.025585539979758876,0.16279069767441867,false,,,130465.63242734564,2075.21920360261,111055.99935986455,1.8495641654350772,243717.6041440275,241304.55855844307,240828.99653211486,2413.0455855844193,111055.99935986455,true,130248.55919857851,0,-5333.014449996321,-5333.014449996321,true,true
90,4,0.86,1,0.02,false,CURVE_PROPORTION_CAP,false,0.025585539979758876,0.16279069767441867,false,,,130465.63242734564,4169.312234944111,112155.56370996224,1.85797492883536,247249.9116071509,242401.87412465774,241924.14771808786,4848.03748249315,112155.56370996224,true,130246.3104146955,0,-5383.37109549134,-5383.37109549134,true,true
90,4,0.86,1,0.05,false,PT_PAR_CEILING,true,0.025585539979758876,0.16279069767441867,false,,,130465.63242734564,10564.833790897537,115454.25676025523,1.8832071291070727,257978.49954517218,245693.80909064016,245209.58946978196,12284.690454532014,0,false,245693.80909064016,0,-5534.452736750536,-5534.452736750536,true,true
90,4,0.86,1,0.1,false,PT_PAR_CEILING,true,0.025585539979758876,0.16279069767441867,false,,,130465.63242734564,21601.50822963679,120952.07851074361,1.925260496410567,276298.3610767491,251180.32825159005,250685.28636183482,25118.032825159054,0,false,251180.32825159005,0,-5786.294494367961,-5786.294494367961,true,true
90,4,0.86,3,0,true,,false,0.025585539979758876,0.16279069767441867,false,,,130465.63242734564,0,286181.8007723473,3.1891127132124235,416069.60701134696,416069.60701134696,415249.12824487756,0,286181.8007723473,true,129887.80623899965,0,-13355.812619005344,-13355.812619005344,true,true
90,4,0.86,3,0.01,false,CURVE_PROPORTION_CAP,false,0.025585539979758876,0.16279069767441867,false,,,130465.63242734564,3624.6428110865527,291594.0467817447,3.2305066588866036,425684.79525551596,421470.09431239206,420638.9506396671,4214.7009431238985,291594.0467817447,true,129876.04753064737,0,-13604.364571111102,-13604.364571111102,true,true
90,4,0.86,3,0.02,false,CURVE_PROPORTION_CAP,false,0.025585539979758876,0.16279069767441867,false,,,130465.63242734564,7343.312345293118,297072.652269196,3.272407884880958,435475.49954645126,426936.7642612267,426094.8245895359,8538.735285224568,297072.652269196,true,129864.1119920307,0,-13855.996588443188,-13855.996588443188,true,true
90,4,0.86,3,0.05,false,PT_PAR_CEILING,true,0.025585539979758876,0.16279069767441867,false,,,130465.63242734564,19080.755849168287,313911.2867093376,3.401190795340718,465925.4335262031,443738.50812019344,442863.38459092414,22186.925406009657,0,false,443738.50812019344,0,-14629.59991303306,-14629.59991303306,true,true
90,4,0.86,3,0.1,false,PT_PAR_CEILING,true,0.025585539979758876,0.16279069767441867,false,,,130465.63242734564,40687.31813662342,343346.36907330627,3.626306343084799,520419.1854684387,473108.35042585334,472175.2117382609,47310.835042585386,0,false,473108.35042585334,0,-15982.662203641099,-15982.662203641099,true,true
90,4,0.86,10,0,true,,false,0.025585539979758876,0.16279069767441867,false,,,130465.63242734564,0,614029.3181749681,5.696366903893208,743180.1106546281,743180.1106546281,741712.9511157859,0,614029.3181749681,true,129150.79247966001,0,-28436.52630279021,-28436.52630279021,true,true
90,4,0.86,10,0.01,false,CURVE_PROPORTION_CAP,false,0.025585539979758876,0.16279069767441867,false,,,130465.63242734564,6619.787613254855,640656.3426384086,5.8999656185773945,777440.1731845683,769742.7457272953,768223.0113149614,7697.427457273006,640656.3426384086,true,129086.40308888664,0,-29665.866166781954,-29665.866166781954,true,true
90,4,0.86,10,0.02,false,CURVE_PROPORTION_CAP,false,0.025585539979758876,0.16279069767441867,false,,,130465.63242734564,13719.520917226328,668628.4826367918,6.113844313744568,813599.4962541164,797646.5649550161,796071.5911433196,15952.93129910028,668628.4826367918,true,129018.08231822436,0,-30957.985304517424,-30957.985304517424,true,true
90,4,0.86,10,0.05,false,PT_PAR_CEILING,true,0.025585539979758876,0.16279069767441867,false,,,130465.63242734564,38276.30333141587,761360.0030379922,6.822843476410574,934653.9185578297,890146.589102695,888388.426246534,44507.32945513469,0,false,890146.589102695,0,-35246.52928539232,-35246.52928539232,true,true
90,4,0.86,10,0.1,false,PT_PAR_CEILING,true,0.025585539979758876,0.16279069767441867,false,,,130465.63242734564,92764.68105621391,950368.4261882983,8.267764176513591,1186524.990253898,1078659.0820489982,1076527.24141035,107865.90820489987,0,false,1078659.0820489982,0,-44011.602586333756,-44011.602586333756,true,true
90,4,0.86,20,0,true,,false,0.025585539979758876,0.16279069767441867,false,,,130465.63242734564,0,751280.7261193212,6.745829925377946,880098.9674617476,880098.9674617476,878360.706977866,0,751280.7261193212,true,128818.2413424264,0,-34773.914154147686,-34773.914154147686,true,true
90,4,0.86,20,0.01,false,CURVE_PROPORTION_CAP,false,0.025585539979758876,0.16279069767441867,false,,,130465.63242734564,7973.455168019282,798446.764033954,7.106438167047554,936417.4092673829,927145.9497696861,925314.4794494603,9271.459497696836,798446.764033954,true,128699.18573573208,0,-36956.50179926802,-36956.50179926802,true,true
90,4,0.86,20,0.02,false,CURVE_PROPORTION_CAP,false,0.025585539979758876,0.16279069767441867,false,,,130465.63242734564,16829.824619440362,849911.0404593652,7.499892173471474,998047.7390598329,978478.1755488557,976544.9726144874,19569.563510977197,849911.0404593652,true,128567.13508949045,0,-39340.12819990632,-39340.12819990632,true,true
90,4,0.86,20,0.05,false,PT_PAR_CEILING,true,0.025585539979758876,0.16279069767441867,false,,,130465.63242734564,50020.99710000574,1035205.9881002798,8.916363494988074,1221442.9524420027,1163279.002325717,1160979.2703495543,58163.95011628582,0,false,1163279.002325717,0,-47940.90142921514,-47940.90142921514,true,true
90,4,0.86,20,0.1,false,PT_PAR_CEILING,true,0.025585539979758876,0.16279069767441867,false,,,130465.63242734564,138897.4750666886,1488347.541722573,12.379405130155753,1776595.6113181075,1615086.9193800974,1611889.2490622741,161508.69193801004,0,false,1615086.9193800974,0,-69099.13862343138,-69099.13862343138,true,true
90,4,0.915,1,0,true,,false,0.025585539979758876,0.09289617486338786,false,,,130465.63242734564,0,116988.53259760083,1.8949429902435082,247224.93563588476,247224.93563588476,246737.69587777206,0,116988.53259760083,true,130236.40303828393,0,-3541.1406617325993,-3541.1406617325993,true,true
90,4,0.915,1,0.01,false,CURVE_PROPORTION_CAP,false,0.025585539979758876,0.09289617486338786,false,,,130465.63242734564,2272.7906161700666,118158.41792357684,1.9038915647466963,250876.3412384441,248392.41706776642,247902.87443896697,2483.9241706776666,118158.41792357684,true,130233.99914418958,0,-3574.0931865842867,-3574.0931865842867,true,true
90,4,0.915,1,0.02,false,CURVE_PROPORTION_CAP,false,0.025585539979758876,0.09289617486338786,false,,,130465.63242734564,4566.946102026763,119328.30324955286,1.9128401222796527,254551.0942113284,249559.89628561607,249068.05077226224,4991.197925712331,119328.30324955286,true,130231.5930360632,0,-3607.047920623023,-3607.047920623023,true,true
90,4,0.915,1,0.05,false,PT_PAR_CEILING,true,0.025585539979758876,0.09289617486338786,false,,,130465.63242734564,11577.60116985967,122837.95922748087,1.9396856930394764,265715.436685303,253062.3206526695,252563.56640247485,12653.116032633494,0,false,253062.3206526695,0,-3705.925379118038,-3705.925379118038,true,true
90,4,0.915,1,0.1,false,PT_PAR_CEILING,true,0.025585539979758876,0.09289617486338786,false,,,130465.63242734564,23689.318002733868,128687.38585736095,1.9844279714604462,284789.61533341196,258899.65030310172,258389.3812143971,25889.96503031024,0,false,258899.65030310172,0,-3870.765338783691,-3870.765338783691,true,true
90,4,0.915,3,0,true,,false,0.025585539979758876,0.09289617486338786,false,,,130465.63242734564,0,321951.65526704595,3.4626831826687616,451761.151322414,451761.151322414,450870.18155334395,0,321951.65526704595,true,129809.49605536804,0,-9320.12776731368,-9320.12776731368,true,true
90,4,0.915,3,0.01,false,CURVE_PROPORTION_CAP,false,0.025585539979758876,0.09289617486338786,false,,,130465.63242734564,4190.409115764312,328172.47648978024,3.5102593752280704,462547.89146688086,457968.2093731494,457064.97890295286,4579.682093731477,328172.47648978024,true,129795.73288336914,0,-9496.329676433976,-9496.329676433976,true,true
90,4,0.915,3,0.02,false,CURVE_PROPORTION_CAP,false,0.025585539979758876,0.09289617486338786,false,,,130465.63242734564,8495.84045285458,334471.82442992966,3.5584357966244973,473538.648191895,464253.57665872056,463337.9302838715,9285.071533174429,334471.82442992966,true,129781.7522287909,0,-9674.799463163741,-9674.799463163741,true,true
90,4,0.915,3,0.05,false,PT_PAR_CEILING,true,0.025585539979758876,0.09289617486338786,false,,,130465.63242734564,22124.01908894832,353846.6415007358,3.706609224982111,507764.3725332408,483585.1166983246,482631.2801642785,24179.2558349162,0,false,483585.1166983246,0,-10223.992786166753,-10223.992786166753,true,true
90,4,0.915,3,0.1,false,PT_PAR_CEILING,true,0.025585539979758876,0.09289617486338786,false,,,130465.63242734564,47344.17082414328,387760.9229707082,3.965968832795822,569164.8951536337,517422.6319578487,516401.9362836205,51742.263195784995,0,false,517422.6319578487,0,-11186.328208806488,-11186.328208806488,true,true
90,4,0.915,10,0,true,,false,0.025585539979758876,0.09289617486338786,false,,,130465.63242734564,0,809441.1997659516,7.190435452723716,938104.708767607,938104.708767607,936251.5248028142,0,809441.1997659516,true,128663.50900165539,0,-23195.313184226703,-23195.313184226703,true,true
90,4,0.915,10,0.01,false,CURVE_PROPORTION_CAP,false,0.025585539979758876,0.09289617486338786,false,,,130465.63242734564,8939.416506225709,848423.2242417112,7.488450347723148,986755.2646216416,976985.4105164768,975055.1689695809,9769.854105164763,848423.2242417112,true,128562.18627476564,0,-24314.50092869003,-24314.50092869003,true,true
90,4,0.915,10,0.02,false,CURVE_PROPORTION_CAP,false,0.025585539979758876,0.09289617486338786,false,,,130465.63242734564,18629.261916230316,889538.6348602545,7.802763344635789,1038352.3035275954,1017992.454438819,1015980.9199422144,20359.84908877639,889538.6348602545,true,128453.8195785645,0,-25496.434152216156,-25496.434152216156,true,true
90,4,0.915,10,0.05,false,PT_PAR_CEILING,true,0.025585539979758876,0.09289617486338786,false,,,130465.63242734564,52841.4658203905,1026924.2472358572,8.852942310526027,1212754.9532548636,1155004.7173855845,1152721.4108784301,57750.23586927913,0,false,1155004.7173855845,0,-29457.038926708134,-29457.038926708134,true,true
90,4,0.915,10,0.1,false,PT_PAR_CEILING,true,0.025585539979758876,0.09289617486338786,false,,,130465.63242734564,131615.80919135595,1311171.9285839538,11.025310784193387,1582266.5585846067,1438424.1441678242,1435577.8990541182,143842.41441678256,0,false,1438424.1441678242,0,-37707.10797345688,-37707.10797345688,true,true
90,4,0.915,20,0,true,,false,0.025585539979758876,0.09289617486338786,false,,,130465.63242734564,0,1140573.724433209,9.721737314700418,1268352.6070549148,1268352.6070549148,1265844.2792841687,0,1140573.724433209,true,127778.88262170576,0,-32726.120275893583,-32726.120275893583,true,true
90,4,0.915,20,0.01,false,CURVE_PROPORTION_CAP,false,0.025585539979758876,0.09289617486338786,false,,,130465.63242734564,12429.17240936379,1230860.303389806,10.411780275143112,1371963.2932740198,1358379.4982911088,1355692.3340264345,13583.794982911088,1230860.303389806,true,127519.19490130269,0,-35343.230961429406,-35343.230961429406,true,true
90,4,0.915,20,0.02,false,CURVE_PROPORTION_CAP,false,0.025585539979758876,0.09289617486338786,false,,,130465.63242734564,26684.210851670243,1330930.5437384802,11.176534167064547,1487316.6704209512,1458153.5984519129,1455268.115067536,29163.07196903834,1330930.5437384802,true,127223.05471343268,0,-38252.22962580748,-38252.22962580748,true,true
90,4,0.915,20,0.05,false,PT_PAR_CEILING,true,0.025585539979758876,0.09289617486338786,false,,,130465.63242734564,83671.04748745053,1702830.4604746394,14.018062235166997,1920319.1226628004,1828875.3549169528,1825251.9021166593,91443.76774584758,0,false,1828875.3549169528,0,-49140.59913873073,-49140.59913873073,true,true
90,4,0.915,20,0.1,false,PT_PAR_CEILING,true,0.025585539979758876,0.09289617486338786,false,,,130465.63242734564,255361.05824590614,2668435.2041879687,21.39131344964999,3069914.361426188,2790831.2376601705,2785285.1027788343,279083.1237660176,0,false,2790831.2376601705,0,-77999.72231878206,-77999.72231878206,true,true
90,4,0.945,1,0,true,,false,0.025585539979758876,0.058201058201058364,false,,,130465.63242734564,0,120824.22219096479,1.9242825153816134,251052.73533814563,251052.73533814563,250557.94513254016,0,120824.22219096479,true,130228.51314718084,0,-2516.832557939648,-2516.832557939648,true,true
90,4,0.945,1,0.01,false,CURVE_PROPORTION_CAP,false,0.025585539979758876,0.058201058201058364,false,,,130465.63242734564,2383.842705120158,122032.46441287443,1.9335244280119457,254781.07218744323,252258.48731430023,251761.31868686873,2522.5848731430015,122032.46441287443,true,130226.02290142581,0,-2539.5494471596467,-2539.5494471596467,true,true
90,4,0.945,1,0.02,false,CURVE_PROPORTION_CAP,false,0.025585539979758876,0.058201058201058364,false,,,130465.63242734564,4790.474077944353,123240.70663478407,1.9427663225364853,258533.52166683655,253464.2369282711,252964.68986423113,5069.284738565446,0,false,253464.2369282711,0,-2562.268693434875,-2562.268693434875,true,true
90,4,0.945,1,0.05,false,PT_PAR_CEILING,true,0.025585539979758876,0.058201058201058364,false,,,130465.63242734564,12147.099532902095,126865.43330051302,1.9704918974656156,269935.5451756024,257081.47159581186,256574.789133279,12854.073579790565,0,false,257081.47159581186,0,-2630.440575983157,-2630.440575983157,true,true
90,4,0.945,1,0.1,false,PT_PAR_CEILING,true,0.025585539979758876,0.058201058201058364,false,,,130465.63242734564,24863.909060211852,132906.6444100613,2.0167008268007423,289421.16366384074,263110.1487853097,262591.5736965678,26311.014878531045,0,false,263110.1487853097,0,-2744.1075343247794,-2744.1075343247794,true,true
90,4,0.945,3,0,true,,false,0.025585539979758876,0.058201058201058364,false,,,130465.63242734564,0,342642.02499720315,3.620919700587823,472405.5787058253,472405.5787058253,471473.82835847244,0,342642.02499720315,true,129763.55370862217,0,-6695.122956174004,-6695.122956174004,true,true
90,4,0.945,3,0.01,false,CURVE_PROPORTION_CAP,false,0.025585539979758876,0.058201058201058364,false,,,130465.63242734564,4527.351588596532,349336.2368038682,3.672115140797024,483875.6724320163,479084.82419011515,478139.8785892213,4790.848241901142,349336.2368038682,true,129748.58738624695,0,-6822.15136012646,-6822.15136012646,true,true
90,4,0.945,3,0.02,false,CURVE_PROPORTION_CAP,false,0.025585539979758876,0.058201058201058364,false,,,130465.63242734564,9182.556871588109,356116.1915965375,3.7239659279301622,495566.5613238016,485849.56992529565,484891.25955795654,9716.991398505925,0,false,485849.56992529565,0,-6950.857735075493,-6950.857735075493,true,true
90,4,0.945,3,0.05,false,PT_PAR_CEILING,true,0.025585539979758876,0.058201058201058364,false,,,130465.63242734564,23939.824698973214,376976.696698467,3.8834974940559848,531996.1044216272,506662.956592026,505663.52247187734,25333.14782960125,0,false,506662.956592026,0,-7347.182993072653,-7347.182993072653,true,true
90,4,0.945,3,0.1,false,PT_PAR_CEILING,true,0.025585539979758876,0.058201058201058364,false,,,130465.63242734564,51324.77478574886,413516.7686004189,4.1629301126835685,597431.2408923133,543119.3099021029,542047.8303715456,54311.930990210385,0,false,543119.3099021029,0,-8042.583190263307,-8042.583190263307,true,true
90,4,0.945,10,0,true,,false,0.025585539979758876,0.058201058201058364,false,,,130465.63242734564,0,945413.3252709078,8.22988690031538,1073717.3992551733,1073717.3992551733,1071595.360088367,0,945413.3252709078,true,128304.07398426544,0,-18244.81183630196,-18244.81183630196,true,true
90,4,0.945,10,0.01,false,CURVE_PROPORTION_CAP,false,0.025585539979758876,0.058201058201058364,false,,,130465.63242734564,10599.018145524897,993416.0880953947,8.59681742142521,1132805.1139661495,1121589.2217486629,1119372.2190808933,11215.892217486631,993416.0880953947,true,128173.13365326822,0,-19179.270362759344,-19179.270362759344,true,true
90,4,0.945,10,0.02,false,CURVE_PROPORTION_CAP,false,0.025585539979758876,0.058201058201058364,false,,,130465.63242734564,22154.19979765825,1044147.4471201092,8.984587447784394,1195623.4811434618,1172179.883473982,1169862.4920285875,23443.59766947967,0,false,1172179.883473982,0,-20169.154539065144,-20169.154539065144,true,true
90,4,0.945,10,0.05,false,PT_PAR_CEILING,true,0.025585539979758876,0.058201058201058364,false,,,130465.63242734564,63403.692045992706,1214334.1570340262,10.285291653997414,1408970.9343553958,1341877.0803384723,1339222.7148825952,67093.85401692358,0,false,1341877.0803384723,0,-23507.365010581256,-23507.365010581256,true,true
90,4,0.945,10,0.1,false,PT_PAR_CEILING,true,0.025585539979758876,0.058201058201058364,false,,,130465.63242734564,160224.13942976366,1569059.2419717924,12.995710114565922,1865042.8928332252,1695493.5389392953,1692135.8204759613,169549.35389392986,0,false,1695493.5389392953,0,-30553.412596960858,-30553.412596960858,true,true
90,4,0.945,20,0,true,,false,0.025585539979758876,0.058201058201058364,false,,,130465.63242734564,0,1475099.3443317467,12.278178116661659,1601880.2730458588,1601880.2730458588,1598708.8865497746,0,1475099.3443317467,true,126780.92871411215,0,-28634.181003108024,-28634.181003108024,true,true
90,4,0.945,20,0.01,false,CURVE_PROPORTION_CAP,false,0.025585539979758876,0.058201058201058364,false,,,130465.63242734564,16377.14827051363,1606670.2167319953,13.28343358150203,1750361.8786474762,1733031.5630173031,1729599.0633867658,17330.315630173078,1606670.2167319953,true,126361.34628530778,0,-31255.986999310888,-31255.986999310888,true,true
90,4,0.945,20,0.02,false,CURVE_PROPORTION_CAP,false,0.025585539979758876,0.058201058201058364,false,,,130465.63242734564,35523.16532192216,1753658.2932336754,14.406342281459722,1917123.207849761,1879532.5567154519,1875808.1319628428,37590.651134309126,0,false,1879532.5567154519,0,-34203.30331761387,-34203.30331761387,true,true
90,4,0.945,20,0.05,false,PT_PAR_CEILING,true,0.025585539979758876,0.058201058201058364,false,,,130465.63242734564,114932.0738699222,2308567.138596512,18.644180835611635,2554046.0859982627,2432424.843807869,2427596.348153882,121621.24219039362,0,false,2432424.843807869,0,-45507.31907274311,-45507.31907274311,true,true
90,4,0.945,20,0.1,false,PT_PAR_CEILING,true,0.025585539979758876,0.058201058201058364,false,,,130465.63242734564,369282.0389629449,3790725.390929529,29.952305226654175,4298521.08845756,3907746.4440523274,3899954.6212085695,390774.64440523274,0,false,3907746.4440523274,0,-77147.41322089323,-77147.41322089323,true,true
30,0.25,0.86,1,0,true,,false,0.008456794353286945,0.16279069767441867,false,,,8292.600314597943,0,6989.003545143146,1.8422503155280023,15277.04554611567,15277.04554611567,15266.996395216296,0,6989.003545143146,true,8288.042000972524,0,-316.21583965915215,-316.21583965915215,true,true
30,0.25,0.86,1,0.01,false,PT_PAR_CEILING,true,0.008456794353286945,0.16279069767441867,false,,,8292.600314597943,131.98323567426087,7058.8935805945775,1.850672561908459,15500.356747790867,15346.887869099866,15336.79276335347,153.468878691001,7058.8935805945775,true,8287.994288505288,0,-319.3255844937894,-319.3255844937894,true,true
30,0.25,0.86,1,0.02,false,PT_PAR_CEILING,true,0.008456794353286945,0.16279069767441867,false,,,8292.600314597943,265.16775857728317,7128.78361604601,1.8590948031949612,15725.064752838776,15416.730149841935,15406.589089159206,308.33460299684157,7128.78361604601,true,8287.946533795925,0,-322.435371538505,-322.435371538505,true,true
30,0.25,0.86,1,0.05,false,PT_PAR_CEILING,true,0.008456794353286945,0.16279069767441867,false,,,8292.600314597943,671.9290397589175,7338.453722400304,1.884361496486415,16407.56957550847,15626.256738579496,15615.977812552086,781.3128369289752,0,false,15626.256738579496,0,-331.7649859564681,-331.7649859564681,true,true
30,0.25,0.86,1,0.1,false,PT_PAR_CEILING,true,0.008456794353286945,0.16279069767441867,false,,,8292.600314597943,1373.8901512259654,7687.903899657461,1.9264725500634567,17573.013562192577,15975.466874720523,15964.95817133395,1597.5466874720532,0,false,15975.466874720523,0,-347.3151877395303,-347.3151877395303,true,true
30,0.25,0.86,3,0,true,,false,0.008456794353286945,0.16279069767441867,false,,,8292.600314597943,0,18211.29581774282,3.194608371139426,26491.610383528023,26491.610383528023,26474.180763479835,0,18211.29581774282,true,8280.314565785204,0,-815.6158595026509,-815.6158595026509,true,true
30,0.25,0.86,3,0.01,false,PT_PAR_CEILING,true,0.008456794353286945,0.16279069767441867,false,,,8292.600314597943,230.78912255822434,18555.880439685316,3.236131426263646,27104.303928349345,26835.9444835142,26818.2882045576,268.35944483514686,18555.880439685316,true,8280.064043828883,0,-830.9633584344256,-830.9633584344256,true,true
30,0.25,0.86,3,0.02,false,PT_PAR_CEILING,true,0.008456794353286945,0.16279069767441867,false,,,8292.600314597943,467.57345413926305,18904.693409829342,3.2781639191963707,27728.193210584082,27184.50314763145,27166.617426057426,543.6900629526317,18904.693409829342,true,8279.809737802108,0,-846.4998936637276,-846.4998936637276,true,true
30,0.25,0.86,3,0.05,false,PT_PAR_CEILING,true,0.008456794353286945,0.16279069767441867,false,,,8292.600314597943,1215.0004042817636,19976.79973595049,3.4073538194828257,29668.61452315927,28255.82335538978,28237.23240726237,1412.7911677694901,0,false,28255.82335538978,0,-894.2572392212696,-894.2572392212696,true,true
30,0.25,0.86,3,0.1,false,PT_PAR_CEILING,true,0.008456794353286945,0.16279069767441867,false,,,8292.600314597943,2591.061199707634,21850.9855891983,3.6331931430741164,33141.48046137666,30128.618601251506,30108.794767603413,3012.8618601251546,0,false,30128.618601251506,0,-977.7598465631054,-977.7598465631054,true,true
30,0.25,0.86,10,0,true,,false,0.008456794353286945,0.16279069767441867,false,,,8292.600314597943,0,39205.40283695663,5.724368683335968,47469.90154430646,47469.90154430646,47438.65773319765,0,39205.40283695663,true,8264.498707349834,0,-1751.2270970633826,-1751.2270970633826,true,true
30,0.25,0.86,10,0.01,false,PT_PAR_CEILING,true,0.008456794353286945,0.16279069767441867,false,,,8292.600314597943,422.8907192267434,40910.224702592466,5.929785300083363,49665.072839419256,49173.339444969555,49140.973465125666,491.7333944497004,40910.224702592466,true,8263.114742377089,0,-1827.302757207296,-1827.302757207296,true,true
30,0.25,0.86,10,0.02,false,PT_PAR_CEILING,true,0.008456794353286945,0.16279069767441867,false,,,8292.600314597943,876.5645117860768,42701.40729379566,6.1456058506889635,51982.31407103463,50963.05301081826,50929.50795341054,1019.2610602163695,42701.40729379566,true,8261.645717022599,0,-1907.2471025373188,-1907.2471025373188,true,true
30,0.25,0.86,10,0.05,false,PT_PAR_CEILING,true,0.008456794353286945,0.16279069767441867,false,,,8292.600314597943,2446.601746565575,48641.05098367799,6.861263400847646,59742.60078822897,56897.71503640854,56860.25964078724,2844.8857518204313,0,false,56897.71503640854,0,-2172.456431908282,-2172.456431908282,true,true
30,0.25,0.86,10,0.1,false,PT_PAR_CEILING,true,0.008456794353286945,0.16279069767441867,false,,,8292.600314597943,5934.016233295086,60754.21576285918,8.320693888716685,75900.20763516969,69000.18875924517,68954.7565317704,6900.018875924521,0,false,69000.18875924517,0,-2713.8489844257283,-2713.8489844257283,true,true
30,0.25,0.86,20,0,true,,false,0.008456794353286945,0.16279069767441867,false,,,8292.600314597943,0,48100.93106769888,6.796202366192716,56358.189879961,56358.189879961,56321.08999859116,0,48100.93106769888,true,8257.258812262116,0,-2148.198035236188,-2148.198035236188,true,true
30,0.25,0.86,20,0.01,false,PT_PAR_CEILING,true,0.008456794353286945,0.16279069767441867,false,,,8292.600314597943,510.789752253746,51139.47770087638,7.16230795957356,59988.09881119513,59394.157238807056,59355.056681812726,593.9415723880738,51139.47770087638,true,8254.679537930679,0,-2283.9020791835737,-2283.9020791835737,true,true
30,0.25,0.86,20,0.02,false,PT_PAR_CEILING,true,0.008456794353286945,0.16279069767441867,false,,,8292.600314597943,1078.5858259723536,54456.66242990473,7.561980063577503,63962.64781929031,62708.47825420617,62667.19334422322,1254.1695650841357,54456.66242990473,true,8251.81582430144,0,-2432.098208295628,-2432.098208295628,true,true
30,0.25,0.86,20,0.05,false,PT_PAR_CEILING,true,0.008456794353286945,0.16279069767441867,false,,,8292.600314597943,3210.1522027723113,66413.62709455278,9.002568501780402,78387.43750955637,74654.70239005369,74605.54203377971,3732.735119502686,0,false,74654.70239005369,0,-2966.696602572415,-2966.696602572415,true,true
30,0.25,0.86,20,0.1,false,PT_PAR_CEILING,true,0.008456794353286945,0.16279069767441867,false,,,8292.600314597943,8938.864510368832,95728.35943106034,12.53410041013511,114334.3135047175,103940.28500428863,103871.80461364008,10394.028500428874,0,false,103940.28500428863,0,-4280.179223832922,-4280.179223832922,true,true
30,0.25,0.915,1,0,true,,false,0.008456794353286945,0.09289617486338786,false,,,8292.600314597943,0,7435.974702099976,1.8961134312302754,15723.710836333568,15723.710836333568,15713.36778661633,0,7435.974702099976,true,8287.736134233593,0,-204.7669778285226,-204.7669778285226,true,true
30,0.25,0.915,1,0.01,false,PT_PAR_CEILING,true,0.008456794353286945,0.09289617486338786,false,,,8292.600314597943,144.55187870491136,7510.334449120976,1.9050742748063196,15955.999725897249,15798.019530591335,15787.627586443868,157.9801953059141,7510.334449120976,true,8287.685081470358,0,-206.7625155730493,-206.7625155730493,true,true
30,0.25,0.915,1,0.02,false,PT_PAR_CEILING,true,0.008456794353286945,0.09289617486338786,false,,,8292.600314597943,290.4636056391864,7584.694196141975,1.9140351126128365,16189.774740544814,15872.328177004718,15861.887338326043,317.44656354009567,7584.694196141975,true,8287.633980862742,0,-208.75810111870396,-208.75810111870396,true,true
30,0.25,0.915,1,0.05,false,PT_PAR_CEILING,true,0.008456794353286945,0.09289617486338786,false,,,8292.600314597943,736.3578626864401,7807.7734372049745,1.9409175914192298,16900.016520672376,16095.253829211786,16084.66630633378,804.7626914605898,0,false,16095.253829211786,0,-214.74514459073453,-214.74514459073453,true,true
30,0.25,0.915,1,0.1,false,PT_PAR_CEILING,true,0.008456794353286945,0.09289617486338786,false,,,8292.600314597943,1506.7117997683781,8179.572172309973,1.9857216073583681,18113.47518847233,16466.795625883937,16455.96362732249,1646.6795625883933,0,false,16466.795625883937,0,-224.7245066637488,-224.7245066637488,true,true
30,0.25,0.915,3,0,true,,false,0.008456794353286945,0.09289617486338786,false,,,8292.600314597943,0,20488.73609862226,3.4690423815919043,28767.381944942623,28767.381944942623,28748.454239402487,0,20488.73609862226,true,8278.645846320363,0,-555.1829018360231,-555.1829018360231,true,true
30,0.25,0.915,3,0.01,false,PT_PAR_CEILING,true,0.008456794353286945,0.09289617486338786,false,,,8292.600314597943,266.84307462710785,20884.82506170224,3.5167711512077764,29454.809330423326,29163.177554874575,29143.989294058523,291.63177554875074,20884.82506170224,true,8278.352493172337,0,-565.83384427492,-565.83384427492,true,true
30,0.25,0.915,3,0.02,false,PT_PAR_CEILING,true,0.008456794353286945,0.09289617486338786,false,,,8292.600314597943,541.0206946261605,21285.91790103779,3.565102773842804,30155.251831621696,29563.972383942833,29544.520273033453,591.2794476788622,21285.91790103779,true,8278.054482905045,0,-576.6202927172217,-576.6202927172217,true,true
30,0.25,0.915,3,0.05,false,PT_PAR_CEILING,true,0.008456794353286945,0.09289617486338786,false,,,8292.600314597943,1408.9494648344735,22519.577755831313,3.713757861892245,32336.545094561625,30796.709613868214,30776.445947043954,1539.8354806934112,0,false,30796.709613868214,0,-609.8026888246013,-609.8026888246013,true,true
30,0.25,0.915,3,0.1,false,PT_PAR_CEILING,true,0.008456794353286945,0.09289617486338786,false,,,8292.600314597943,3015.345154210947,24679.097064385383,3.973975664941679,36250.05103422993,32954.59184929993,32932.90748311491,3295.4591849299977,0,false,32954.59184929993,0,-667.91041508339,-667.91041508339,true,true
30,0.25,0.915,10,0,true,,false,0.008456794353286945,0.09289617486338786,false,,,8292.600314597943,0,51721.66102840185,7.232432754277127,59975.67413342697,59975.67413342697,59936.19035311886,0,51721.66102840185,true,8254.013105025115,0,-1396.5445041188896,-1396.5445041188896,true,true
30,0.25,0.915,10,0.01,false,PT_PAR_CEILING,true,0.008456794353286945,0.09289617486338786,false,,,8292.600314597943,571.6145130047444,54219.70192963198,7.53340678507755,63096.246790687655,62471.53147592837,62430.4027564893,624.7153147592835,54219.70192963198,true,8251.829546296394,0,-1464.0506926934759,-1464.0506926934759,true,true
30,0.25,0.915,10,0.02,false,PT_PAR_CEILING,true,0.008456794353286945,0.09289617486338786,false,,,8292.600314597943,1191.4094084102835,56854.846198039115,7.850895592156418,66406.42604253975,65104.339257391905,65061.475183050585,1302.086785147847,56854.846198039115,true,8249.49305935279,0,-1535.2949735265493,-1535.2949735265493,true,true
30,0.25,0.915,10,0.05,false,PT_PAR_CEILING,true,0.008456794353286945,0.09289617486338786,false,,,8292.600314597943,3381.1186115172895,65662.79698016873,8.912069693704568,77599.44354301997,73904.2319457333,73855.56646591175,3695.2115972866595,0,false,73904.2319457333,0,-1773.6766750558481,-1773.6766750558481,true,true
30,0.25,0.915,10,0.1,false,PT_PAR_CEILING,true,0.008456794353286945,0.09289617486338786,false,,,8292.600314597943,8429.111150124983,83897.91511268492,11.108871745878382,101333.57666816919,92121.43333469926,92060.75240090505,9212.143333469925,0,false,92121.43333469926,0,-2268.431863423397,-2268.431863423397,true,true
30,0.25,0.915,20,0,true,,false,0.008456794353286945,0.09289617486338786,false,,,8292.600314597943,0,73221.45441686979,9.82274755870782,81456.11949555665,81456.11949555665,81402.47389897548,0,73221.45441686979,true,8234.665078686856,0,-1978.1018171356181,-1978.1018171356181,true,true
30,0.25,0.915,20,0.01,false,PT_PAR_CEILING,true,0.008456794353286945,0.09289617486338786,false,,,8292.600314597943,798.6879159839009,79059.3006889691,10.52604653755979,88161.17979712931,87288.29682884089,87230.80432430236,872.8829682884243,79059.3006889691,true,8228.996139871786,0,-2136.4273079981276,-2136.4273079981276,true,true
30,0.25,0.915,20,0.02,false,PT_PAR_CEILING,true,0.008456794353286945,0.09289617486338786,false,,,8292.600314597943,1715.7476943185466,85534.18312436545,11.30606818738443,95631.83869972132,93756.7046075699,93694.9446363744,1875.1340921514202,85534.18312436545,true,8222.521483204458,0,-2312.2165208421493,-2312.2165208421493,true,true
30,0.25,0.915,20,0.05,false,PT_PAR_CEILING,true,0.008456794353286945,0.09289617486338786,false,,,8292.600314597943,5390.74852673804,109633.89854659341,14.209121918371594,123722.09733497126,117830.5688904488,117752.91820889458,5891.528444522453,0,false,117830.5688904488,0,-2968.260344974954,-2968.260344974954,true,true
30,0.25,0.915,20,0.1,false,PT_PAR_CEILING,true,0.008456794353286945,0.09289617486338786,false,,,8292.600314597943,16519.664342916192,172426.88299545334,21.77155208917784,198597.05767440182,180542.77970400162,180423.67499928456,18054.277970400202,0,false,180542.77970400162,0,-4691.021134877736,-4691.021134877736,true,true
30,0.25,0.945,1,0,true,,false,0.008456794353286945,0.058201058201058364,false,,,8292.600314597943,0,7679.777151349154,1.9254932246831853,15967.34572076399,15967.34572076399,15956.842361062256,0,7679.777151349154,true,8287.568569414834,0,-139.24079527494814,-139.24079527494814,true,true
30,0.25,0.945,1,0.01,false,PT_PAR_CEILING,true,0.008456794353286945,0.058201058201058364,false,,,8292.600314597943,151.61665619683117,7756.574922862646,1.9347478467756019,16204.531508867442,16044.09060283905,16033.536745267438,160.44090602839242,7756.574922862646,true,8287.515679976403,0,-140.5812321597832,-140.5812321597832,true,true
30,0.25,0.945,1,0.02,false,PT_PAR_CEILING,true,0.008456794353286945,0.058201058201058364,false,,,8292.600314597943,304.6837897004243,7833.3726943761385,1.9440024627144206,16443.252142562476,16120.835433884778,16110.231078335642,322.4167086776979,0,false,16120.835433884778,0,-141.92172004295298,-141.92172004295298,true,true
30,0.25,0.945,1,0.05,false,PT_PAR_CEILING,true,0.008456794353286945,0.058201058201058364,false,,,8292.600314597943,772.5880395818785,8063.766008916612,1.9717662736013912,17168.623101819536,16351.06962078051,16340.31377065312,817.5534810390254,0,false,16351.06962078051,0,-145.94348971355248,-145.94348971355248,true,true
30,0.25,0.945,1,0.1,false,PT_PAR_CEILING,true,0.008456794353286945,0.058201058201058364,false,,,8292.600314597943,1581.4378671155864,8447.75486648407,2.0180391686248433,18408.271469070285,16734.792244609347,16723.783901367213,1673.479224460938,0,false,16734.792244609347,0,-152.64745942181435,-152.64745942181435,true,true
30,0.25,0.945,3,0,true,,false,0.008456794353286945,0.058201058201058364,false,,,8292.600314597943,0,21806.137705086396,3.627789004235904,30083.804237821616,30083.804237821616,30064.00990702599,0,21806.137705086396,true,8277.66653273522,0,-385.97714405554507,-385.97714405554507,true,true
30,0.25,0.945,3,0.01,false,PT_PAR_CEILING,true,0.008456794353286945,0.058201058201058364,false,,,8292.600314597943,288.31694253699607,22232.38191058344,3.6791510758435804,30814.826662683776,30509.729368993834,30489.6546349601,305.0972936899416,22232.38191058344,true,8277.347458410393,0,-393.4423649083028,-393.4423649083028,true,true
30,0.25,0.945,3,0.02,false,PT_PAR_CEILING,true,0.008456794353286945,0.058201058201058364,false,,,8292.600314597943,584.7870386883951,22664.089973787177,3.7311714039380934,31559.935421278202,30941.11315811588,30920.754422808528,618.8222631623212,0,false,30941.11315811588,0,-401.00438836679587,-401.00438836679587,true,true
30,0.25,0.945,3,0.05,false,PT_PAR_CEILING,true,0.008456794353286945,0.058201058201058364,false,,,8292.600314597943,1524.6823808230947,23992.391765461467,3.8912294035618866,33881.830684957575,32268.410176150064,32247.17758793878,1613.4205088075105,0,false,32268.410176150064,0,-424.2786399970064,-424.2786399970064,true,true
30,0.25,0.945,3,0.1,false,PT_PAR_CEILING,true,0.008456794353286945,0.058201058201058364,false,,,8292.600314597943,3269.0781302784817,26319.18677269283,4.171600952131918,38052.76130482884,34593.41936802622,34570.65596241199,3459.3419368026225,0,false,34593.41936802622,0,-465.07402773847843,-465.07402773847843,true,true
30,0.25,0.945,10,0,true,,false,0.008456794353286945,0.058201058201058364,false,,,8292.600314597943,0,60436.54873659739,8.282421520375706,68682.81130550035,68682.81130550035,68637.58830705352,0,60436.54873659739,true,8246.26256890296,0,-1065.0326946811256,-1065.0326946811256,true,true
30,0.25,0.945,10,0.01,false,PT_PAR_CEILING,true,0.008456794353286945,0.058201058201058364,false,,,8292.600314597943,678.1094911873224,63514.18201678765,8.653210741236514,72475.19429621082,71757.6181150602,71710.36797285132,717.576181150609,63514.18201678765,true,8243.436098272556,0,-1119.456458489466,-1119.456458489466,true,true
30,0.25,0.945,10,0.02,false,PT_PAR_CEILING,true,0.008456794353286945,0.058201058201058364,false,,,8292.600314597943,1417.6449842115398,66767.27376630237,9.045132802344575,76507.82454474886,75007.6711223028,74958.27806541939,1500.153422446063,0,false,75007.6711223028,0,-1177.0340606402578,-1177.0340606402578,true,true
30,0.25,0.945,10,0.05,false,PT_PAR_CEILING,true,0.008456794353286945,0.058201058201058364,false,,,8292.600314597943,4059.424265061767,77683.92847608775,10.360289631741844,90209.42811248364,85913.74105950822,85857.1553538698,4295.687052975423,0,false,85913.74105950822,0,-1370.6388644345416,-1370.6388644345416,true,true
30,0.25,0.945,10,0.1,false,PT_PAR_CEILING,true,0.008456794353286945,0.058201058201058364,false,,,8292.600314597943,10268.318334572468,100453.67383322578,13.103182253293884,119525.39860348895,108659.45327589904,108587.8579751422,10865.945327589914,0,false,108659.45327589904,0,-1776.4101475951602,-1776.4101475951602,true,true
30,0.25,0.945,20,0,true,,false,0.008456794353286945,0.058201058201058364,false,,,8292.600314597943,0,94870.02482361144,12.43070420801204,103082.8616260346,103082.8616260346,103014.94716156612,0,94870.02482361144,true,8212.83680242316,0,-1675.7428865043794,-1675.7428865043794,true,true
30,0.25,0.945,20,0.01,false,PT_PAR_CEILING,true,0.008456794353286945,0.058201058201058364,false,,,8292.600314597943,1054.629708988883,103397.40009501415,13.457905020427832,112717.03768029137,111601.02740622907,111527.48996184196,1116.010274062297,103397.40009501415,true,8203.627311214921,0,-1827.914907825626,-1827.914907825626,true,true
30,0.25,0.945,20,0.02,false,PT_PAR_CEILING,true,0.008456794353286945,0.058201058201058364,false,,,8292.600314597943,2289.255452828991,112931.71174244182,14.606350546111086,123547.11967648481,121124.62713380862,121044.80110932546,2422.492542676191,0,false,121124.62713380862,0,-1998.4704612588048,-1998.4704612588048,true,true
30,0.25,0.945,20,0.05,false,PT_PAR_CEILING,true,0.008456794353286945,0.058201058201058364,false,,,8292.600314597943,7424.858076987643,148991.4904991375,18.94940640086042,164996.84615528036,157139.85348121938,157036.2282909827,7856.992674060981,0,false,157139.85348121938,0,-2647.565425979118,-2647.565425979118,true,true
30,0.25,0.945,20,0.1,false,PT_PAR_CEILING,true,0.008456794353286945,0.058201058201058364,false,,,8292.600314597943,23977.348198121646,245732.99926074108,30.596983182033075,279101.407597183,253728.55236107545,253560.96952991298,25372.85523610757,0,false,253728.55236107545,0,-4422.222893049304,-4422.222893049304,true,true
30,1,0.86,1,0,true,,false,0.008456794353286945,0.16279069767441867,false,,,33170.40125839177,0,27956.014180572583,1.8422503155280023,61108.18218446268,61108.18218446268,61067.985580865185,0,27956.014180572583,true,33152.168003890096,0,-1264.8633586366086,-1264.8633586366086,true,true
30,1,0.86,1,0.01,false,PT_PAR_CEILING,true,0.008456794353286945,0.16279069767441867,false,,,33170.40125839177,527.9329426970435,28235.57432237831,1.850672561908459,62001.42699116347,61387.551476399465,61347.17105341388,613.875514764004,28235.57432237831,true,33151.97715402115,0,-1277.3023379751576,-1277.3023379751576,true,true
30,1,0.86,1,0.02,false,PT_PAR_CEILING,true,0.008456794353286945,0.16279069767441867,false,,,33170.40125839177,1060.6710343091327,28515.13446418404,1.8590948031949612,62900.259011355105,61666.92059936774,61626.356356636825,1233.3384119873663,28515.13446418404,true,33151.7861351837,0,-1289.74148615402,-1289.74148615402,true,true
30,1,0.86,1,0.05,false,PT_PAR_CEILING,true,0.008456794353286945,0.16279069767441867,false,,,33170.40125839177,2687.71615903567,29353.814889601217,1.884361496486415,65630.27830203388,62505.02695431798,62463.911250208344,3125.251347715901,0,false,62505.02695431798,0,-1327.0599438258723,-1327.0599438258723,true,true
30,1,0.86,1,0.1,false,PT_PAR_CEILING,true,0.008456794353286945,0.16279069767441867,false,,,33170.40125839177,5495.5606049038615,30751.615598629844,1.9264725500634567,70292.0542487703,63901.86749888209,63859.8326853358,6390.186749888213,0,false,63901.86749888209,0,-1389.2607509581212,-1389.2607509581212,true,true
30,1,0.86,3,0,true,,false,0.008456794353286945,0.16279069767441867,false,,,33170.40125839177,0,72845.18327097128,3.194608371139426,105966.44153411209,105966.44153411209,105896.72305391934,0,72845.18327097128,true,33121.258263140815,0,-3262.4634380106036,-3262.4634380106036,true,true
30,1,0.86,3,0.01,false,PT_PAR_CEILING,true,0.008456794353286945,0.16279069767441867,false,,,33170.40125839177,923.1564902328973,74223.52175874126,3.236131426263646,108417.21571339738,107343.7779340568,107273.1528182304,1073.4377793405874,74223.52175874126,true,33120.25617531553,0,-3323.8534337377023,-3323.8534337377023,true,true
30,1,0.86,3,0.02,false,PT_PAR_CEILING,true,0.008456794353286945,0.16279069767441867,false,,,33170.40125839177,1870.2938165570522,75618.77363931737,3.2781639191963707,110912.77284233633,108738.0125905258,108666.4697042297,2174.760251810527,75618.77363931737,true,33119.238951208434,0,-3385.9995746549102,-3385.9995746549102,true,true
30,1,0.86,3,0.05,false,PT_PAR_CEILING,true,0.008456794353286945,0.16279069767441867,false,,,33170.40125839177,4860.0016171270545,79907.19894380197,3.4073538194828257,118674.45809263708,113023.29342155912,112948.92962904948,5651.1646710779605,0,false,113023.29342155912,0,-3577.0289568850785,-3577.0289568850785,true,true
30,1,0.86,3,0.1,false,PT_PAR_CEILING,true,0.008456794353286945,0.16279069767441867,false,,,33170.40125839177,10364.244798830536,87403.9423567932,3.6331931430741164,132565.92184550664,120514.47440500603,120435.17907041365,12051.447440500619,0,false,120514.47440500603,0,-3911.0393862524215,-3911.0393862524215,true,true
30,1,0.86,10,0,true,,false,0.008456794353286945,0.16279069767441867,false,,,33170.40125839177,0,156821.61134782652,5.724368683335968,189879.60617722585,189879.60617722585,189754.6309327906,0,156821.61134782652,true,33057.99482939934,0,-7004.908388253531,-7004.908388253531,true,true
30,1,0.86,10,0.01,false,PT_PAR_CEILING,true,0.008456794353286945,0.16279069767441867,false,,,33170.40125839177,1691.5628769069735,163640.89881036986,5.929785300083363,198660.29135767702,196693.35777987822,196563.89386050266,1966.9335777988017,163640.89881036986,true,33052.458969508356,0,-7309.211028829184,-7309.211028829184,true,true
30,1,0.86,10,0.02,false,PT_PAR_CEILING,true,0.008456794353286945,0.16279069767441867,false,,,33170.40125839177,3506.258047144307,170805.62917518264,6.1456058506889635,207929.2562841385,203852.21204327303,203718.03181364216,4077.044240865478,170805.62917518264,true,33046.582868090394,0,-7628.988410149275,-7628.988410149275,true,true
30,1,0.86,10,0.05,false,PT_PAR_CEILING,true,0.008456794353286945,0.16279069767441867,false,,,33170.40125839177,9786.4069862623,194564.20393471196,6.861263400847646,238970.40315291588,227590.86014563416,227441.03856314896,11379.543007281725,0,false,227590.86014563416,0,-8689.825727633128,-8689.825727633128,true,true
30,1,0.86,10,0.1,false,PT_PAR_CEILING,true,0.008456794353286945,0.16279069767441867,false,,,33170.40125839177,23736.064933180343,243016.86305143673,8.320693888716685,303600.83054067875,276000.75503698067,275819.0261270816,27600.075503698085,0,false,276000.75503698067,0,-10855.395937702913,-10855.395937702913,true,true
30,1,0.86,20,0,true,,false,0.008456794353286945,0.16279069767441867,false,,,33170.40125839177,0,192403.72427079553,6.796202366192716,225432.759519844,225432.759519844,225284.35999436464,0,192403.72427079553,true,33029.035249048466,0,-8592.792140944752,-8592.792140944752,true,true
30,1,0.86,20,0.01,false,PT_PAR_CEILING,true,0.008456794353286945,0.16279069767441867,false,,,33170.40125839177,2043.159009014984,204557.9108035055,7.16230795957356,239952.39524478052,237576.62895522823,237420.2267272509,2375.7662895522953,204557.9108035055,true,33018.718151722715,0,-9135.608316734295,-9135.608316734295,true,true
30,1,0.86,20,0.02,false,PT_PAR_CEILING,true,0.008456794353286945,0.16279069767441867,false,,,33170.40125839177,4314.3433038894145,217826.64971961893,7.561980063577503,255850.59127716123,250833.9130168247,250668.77337689287,5016.678260336543,217826.64971961893,true,33007.26329720576,0,-9728.392833182512,-9728.392833182512,true,true
30,1,0.86,20,0.05,false,PT_PAR_CEILING,true,0.008456794353286945,0.16279069767441867,false,,,33170.40125839177,12840.608811089245,265654.5083782111,9.002568501780402,313549.7500382255,298618.80956021475,298422.16813511885,14930.940478010743,0,false,298618.80956021475,0,-11866.78641028966,-11866.78641028966,true,true
30,1,0.86,20,0.1,false,PT_PAR_CEILING,true,0.008456794353286945,0.16279069767441867,false,,,33170.40125839177,35755.45804147533,382913.43772424135,12.53410041013511,457337.25401887,415761.1400171545,415487.2184545603,41576.1140017155,0,false,415761.1400171545,0,-17120.716895331687,-17120.716895331687,true,true
30,1,0.915,1,0,true,,false,0.008456794353286945,0.09289617486338786,false,,,33170.40125839177,0,29743.898808399903,1.8961134312302754,62894.84334533427,62894.84334533427,62853.47114646532,0,29743.898808399903,true,33150.944536934374,0,-819.0679113140905,-819.0679113140905,true,true
30,1,0.915,1,0.01,false,PT_PAR_CEILING,true,0.008456794353286945,0.09289617486338786,false,,,33170.40125839177,578.2075148196454,30041.337796483906,1.9050742748063196,63823.998903588996,63192.07812236534,63150.510345775474,631.9207812236564,30041.337796483906,true,33150.74032588143,0,-827.0500622921973,-827.0500622921973,true,true
30,1,0.915,1,0.02,false,PT_PAR_CEILING,true,0.008456794353286945,0.09289617486338786,false,,,33170.40125839177,1161.8544225567457,30338.7767845679,1.9140351126128365,64759.098962179254,63489.31270801887,63447.54935330417,1269.7862541603827,30338.7767845679,true,33150.53592345097,0,-835.0324044748158,-835.0324044748158,true,true
30,1,0.915,1,0.05,false,PT_PAR_CEILING,true,0.008456794353286945,0.09289617486338786,false,,,33170.40125839177,2945.4314507457602,31231.093748819898,1.9409175914192298,67600.0660826895,64381.015316847144,64338.66522533512,3219.0507658423594,0,false,64381.015316847144,0,-858.9805783629381,-858.9805783629381,true,true
30,1,0.915,1,0.1,false,PT_PAR_CEILING,true,0.008456794353286945,0.09289617486338786,false,,,33170.40125839177,6026.8471990735125,32718.288689239893,1.9857216073583681,72453.90075388932,65867.18250353575,65823.85450928996,6586.718250353573,0,false,65867.18250353575,0,-898.8980266549952,-898.8980266549952,true,true
30,1,0.915,3,0,true,,false,0.008456794353286945,0.09289617486338786,false,,,33170.40125839177,0,81954.94439448904,3.4690423815919043,115069.52777977049,115069.52777977049,114993.81695760995,0,81954.94439448904,true,33114.583385281454,0,-2220.7316073440925,-2220.7316073440925,true,true
30,1,0.915,3,0.01,false,PT_PAR_CEILING,true,0.008456794353286945,0.09289617486338786,false,,,33170.40125839177,1067.3722985084314,83539.30024680895,3.5167711512077764,117819.2373216933,116652.7102194983,116575.9571762341,1166.527102195003,83539.30024680895,true,33113.40997268935,0,-2263.33537709968,-2263.33537709968,true,true
30,1,0.915,3,0.02,false,PT_PAR_CEILING,true,0.008456794353286945,0.09289617486338786,false,,,33170.40125839177,2164.082778504642,85143.67160415115,3.565102773842804,120621.00732648678,118255.88953577133,118178.08109213381,2365.117790715449,85143.67160415115,true,33112.21793162018,0,-2306.4811708688867,-2306.4811708688867,true,true
30,1,0.915,3,0.05,false,PT_PAR_CEILING,true,0.008456794353286945,0.09289617486338786,false,,,33170.40125839177,5635.797859337894,90078.31102332525,3.713757861892245,129346.1803782465,123186.83845547285,123105.78378817582,6159.341922773645,0,false,123186.83845547285,0,-2439.2107552984053,-2439.2107552984053,true,true
30,1,0.915,3,0.1,false,PT_PAR_CEILING,true,0.008456794353286945,0.09289617486338786,false,,,33170.40125839177,12061.380616843788,98716.38825754153,3.973975664941679,145000.20413691972,131818.36739719973,131731.62993245965,13181.83673971999,0,false,131818.36739719973,0,-2671.64166033356,-2671.64166033356,true,true
30,1,0.915,10,0,true,,false,0.008456794353286945,0.09289617486338786,false,,,33170.40125839177,0,206886.6441136074,7.232432754277127,239902.69653370787,239902.69653370787,239744.76141247543,0,206886.6441136074,true,33016.05242010046,0,-5586.178016475558,-5586.178016475558,true,true
30,1,0.915,10,0.01,false,PT_PAR_CEILING,true,0.008456794353286945,0.09289617486338786,false,,,33170.40125839177,2286.4580520189775,216878.8077185279,7.53340678507755,252384.98716275062,249886.1259037135,249721.6110259572,2498.861259037134,216878.8077185279,true,33007.31818518558,0,-5856.2027707739035,-5856.2027707739035,true,true
30,1,0.915,10,0.02,false,PT_PAR_CEILING,true,0.008456794353286945,0.09289617486338786,false,,,33170.40125839177,4765.637633641134,227419.38479215646,7.850895592156418,265625.704170159,260417.35702956762,260245.90073220234,5208.347140591388,227419.38479215646,true,32997.97223741116,0,-6141.179894106197,-6141.179894106197,true,true
30,1,0.915,10,0.05,false,PT_PAR_CEILING,true,0.008456794353286945,0.09289617486338786,false,,,33170.40125839177,13524.474446069158,262651.1879206749,8.912069693704568,310397.77417207987,295616.9277829332,295422.265863647,14780.846389146638,0,false,295616.9277829332,0,-7094.7067002233925,-7094.7067002233925,true,true
30,1,0.915,10,0.1,false,PT_PAR_CEILING,true,0.008456794353286945,0.09289617486338786,false,,,33170.40125839177,33716.44460049993,335591.66045073967,11.108871745878382,405334.30667267676,368485.73333879706,368243.0096036202,36848.5733338797,0,false,368485.73333879706,0,-9073.727453693587,-9073.727453693587,true,true
30,1,0.915,20,0,true,,false,0.008456794353286945,0.09289617486338786,false,,,33170.40125839177,0,292885.81766747916,9.82274755870782,325824.4779822266,325824.4779822266,325609.89559590194,0,292885.81766747916,true,32938.66031474742,0,-7912.407268542473,-7912.407268542473,true,true
30,1,0.915,20,0.01,false,PT_PAR_CEILING,true,0.008456794353286945,0.09289617486338786,false,,,33170.40125839177,3194.7516639356036,316237.2027558764,10.52604653755979,352644.71918851725,349153.18731536355,348923.2172972094,3491.5318731536972,316237.2027558764,true,32915.984559487144,0,-8545.70923199251,-8545.70923199251,true,true
30,1,0.915,20,0.02,false,PT_PAR_CEILING,true,0.008456794353286945,0.09289617486338786,false,,,33170.40125839177,6862.990777274186,342136.7324974618,11.30606818738443,382527.3547988853,375026.8184302796,374779.7785454976,7500.536368605681,342136.7324974618,true,32890.085932817834,0,-9248.866083368597,-9248.866083368597,true,true
30,1,0.915,20,0.05,false,PT_PAR_CEILING,true,0.008456794353286945,0.09289617486338786,false,,,33170.40125839177,21562.99410695216,438535.59418637364,14.209121918371594,494888.38933988503,471322.2755617952,471011.6728355783,23566.113778089813,0,false,471322.2755617952,0,-11873.041379899816,-11873.041379899816,true,true
30,1,0.915,20,0.1,false,PT_PAR_CEILING,true,0.008456794353286945,0.09289617486338786,false,,,33170.40125839177,66078.65737166477,689707.5319818134,21.77155208917784,794388.2306976073,722171.1188160065,721694.6999971382,72217.11188160081,0,false,722171.1188160065,0,-18764.084539510943,-18764.084539510943,true,true
30,1,0.945,1,0,true,,false,0.008456794353286945,0.058201058201058364,false,,,33170.40125839177,0,30719.108605396617,1.9254932246831853,63869.38288305596,63869.38288305596,63827.36944424902,0,30719.108605396617,true,33150.27427765934,0,-556.9631810997926,-556.9631810997926,true,true
30,1,0.945,1,0.01,false,PT_PAR_CEILING,true,0.008456794353286945,0.058201058201058364,false,,,33170.40125839177,606.4666247873247,31026.299691450586,1.9347478467756019,64818.126035469766,64176.3624113562,64134.14698106975,641.7636241135697,31026.299691450586,true,33150.06271990561,0,-562.3249286391328,-562.3249286391328,true,true
30,1,0.945,1,0.02,false,PT_PAR_CEILING,true,0.008456794353286945,0.058201058201058364,false,,,33170.40125839177,1218.7351588016973,31333.490777504554,1.9440024627144206,65773.0085702499,64483.341735539114,64440.92431334257,1289.6668347107916,0,false,64483.341735539114,0,-567.6868801718119,-567.6868801718119,true,true
30,1,0.945,1,0.05,false,PT_PAR_CEILING,true,0.008456794353286945,0.058201058201058364,false,,,33170.40125839177,3090.352158327514,32255.064035666448,1.9717662736013912,68674.49240727814,65404.27848312204,65361.25508261248,3270.2139241561017,0,false,65404.27848312204,0,-583.7739588542099,-583.7739588542099,true,true
30,1,0.945,1,0.1,false,PT_PAR_CEILING,true,0.008456794353286945,0.058201058201058364,false,,,33170.40125839177,6325.751468462346,33791.01946593628,2.0180391686248433,73633.08587628114,66939.16897843739,66895.13560546885,6693.916897843752,0,false,66939.16897843739,0,-610.5898376872574,-610.5898376872574,true,true
30,1,0.945,3,0,true,,false,0.008456794353286945,0.058201058201058364,false,,,33170.40125839177,0,87224.55082034558,3.627789004235904,120335.21695128646,120335.21695128646,120256.03962810396,0,87224.55082034558,true,33110.66613094088,0,-1543.9085762221803,-1543.9085762221803,true,true
30,1,0.945,3,0.01,false,PT_PAR_CEILING,true,0.008456794353286945,0.058201058201058364,false,,,33170.40125839177,1153.2677701479843,88929.52764233376,3.6791510758435804,123259.3066507351,122038.91747597534,121958.6185398404,1220.3891747597663,88929.52764233376,true,33109.38983364157,0,-1573.7694596332112,-1573.7694596332112,true,true
30,1,0.945,3,0.02,false,PT_PAR_CEILING,true,0.008456794353286945,0.058201058201058364,false,,,33170.40125839177,2339.1481547535805,90656.35989514871,3.7311714039380934,126239.74168511281,123764.45263246352,123683.01769123411,2475.2890526492847,0,false,123764.45263246352,0,-1604.0175534671835,-1604.0175534671835,true,true
30,1,0.945,3,0.05,false,PT_PAR_CEILING,true,0.008456794353286945,0.058201058201058364,false,,,33170.40125839177,6098.729523292379,95969.56706184587,3.8912294035618866,135527.3227398303,129073.64070460026,128988.71035175511,6453.682035230042,0,false,129073.64070460026,0,-1697.1145599880256,-1697.1145599880256,true,true
30,1,0.945,3,0.1,false,PT_PAR_CEILING,true,0.008456794353286945,0.058201058201058364,false,,,33170.40125839177,13076.312521113927,105276.74709077131,4.171600952131918,152211.04521931536,138373.67747210487,138282.62384964796,13837.36774721049,0,false,138373.67747210487,0,-1860.2961109539137,-1860.2961109539137,true,true
30,1,0.945,10,0,true,,false,0.008456794353286945,0.058201058201058364,false,,,33170.40125839177,0,241746.19494638956,8.282421520375706,274731.2452220014,274731.2452220014,274550.3532282141,0,241746.19494638956,true,32985.05027561184,0,-4260.130778724502,-4260.130778724502,true,true
30,1,0.945,10,0.01,false,PT_PAR_CEILING,true,0.008456794353286945,0.058201058201058364,false,,,33170.40125839177,2712.4379647492897,254056.7280671506,8.653210741236514,289900.77718484326,287030.4724602408,286841.4718914053,2870.304724602436,254056.7280671506,true,32973.74439309022,0,-4477.825833957864,-4477.825833957864,true,true
30,1,0.945,10,0.02,false,PT_PAR_CEILING,true,0.008456794353286945,0.058201058201058364,false,,,33170.40125839177,5670.579936846159,267069.0950652095,9.045132802344575,306031.29817899544,300030.6844892112,299833.11226167757,6000.613689784252,0,false,300030.6844892112,0,-4708.136242561031,-4708.136242561031,true,true
30,1,0.945,10,0.05,false,PT_PAR_CEILING,true,0.008456794353286945,0.058201058201058364,false,,,33170.40125839177,16237.697060247068,310735.713904351,10.360289631741844,360837.71244993457,343654.9642380329,343428.6214154792,17182.748211901693,0,false,343654.9642380329,0,-5482.555457738166,-5482.555457738166,true,true
30,1,0.945,10,0.1,false,PT_PAR_CEILING,true,0.008456794353286945,0.058201058201058364,false,,,33170.40125839177,41073.27333828987,401814.6953329031,13.103182253293884,478101.5944139558,434637.81310359616,434351.4319005688,43463.781310359656,0,false,434637.81310359616,0,-7105.640590380641,-7105.640590380641,true,true
30,1,0.945,20,0,true,,false,0.008456794353286945,0.058201058201058364,false,,,33170.40125839177,0,379480.09929444577,12.43070420801204,412331.4465041384,412331.4465041384,412059.78864626447,0,379480.09929444577,true,32851.34720969264,0,-6702.9715460175175,-6702.9715460175175,true,true
30,1,0.945,20,0.01,false,PT_PAR_CEILING,true,0.008456794353286945,0.058201058201058364,false,,,33170.40125839177,4218.518835955532,413589.6003800566,13.457905020427832,450868.15072116547,446404.1096249163,446109.95984736783,4464.041096249188,413589.6003800566,true,32814.509244859684,0,-7311.659631302504,-7311.659631302504,true,true
30,1,0.945,20,0.02,false,PT_PAR_CEILING,true,0.008456794353286945,0.058201058201058364,false,,,33170.40125839177,9157.021811315964,451726.8469697673,14.606350546111086,494188.47870593925,484498.5085352345,484179.20443730184,9689.970170704764,0,false,484498.5085352345,0,-7993.881845035219,-7993.881845035219,true,true
30,1,0.945,20,0.05,false,PT_PAR_CEILING,true,0.008456794353286945,0.058201058201058364,false,,,33170.40125839177,29699.43230795057,595965.96199655,18.94940640086042,659987.3846211215,628559.4139248775,628144.9131639308,31427.970696243923,0,false,628559.4139248775,0,-10590.261703916472,-10590.261703916472,true,true
30,1,0.945,20,0.1,false,PT_PAR_CEILING,true,0.008456794353286945,0.058201058201058364,false,,,33170.40125839177,95909.39279248659,982931.9970429643,30.596983182033075,1116405.630388732,1014914.2094443018,1014243.8781196519,101491.42094443028,0,false,1014914.2094443018,0,-17688.891572197215,-17688.891572197215,true,true
30,4,0.86,1,0,true,,false,0.008456794353286945,0.16279069767441867,false,,,132681.6050335671,0,111824.05672229033,1.8422503155280023,244432.72873785073,244432.72873785073,244271.94232346074,0,111824.05672229033,true,132608.67201556038,0,-5059.453434546434,-5059.453434546434,true,true
30,4,0.86,1,0.01,false,PT_PAR_CEILING,true,0.008456794353286945,0.16279069767441867,false,,,132681.6050335671,2111.731770788174,112942.29728951324,1.850672561908459,248005.70796465388,245550.20590559786,245388.6842136555,2455.502059056016,112942.29728951324,true,132607.9086160846,0,-5109.20935190063,-5109.20935190063,true,true
30,4,0.86,1,0.02,false,PT_PAR_CEILING,true,0.008456794353286945,0.16279069767441867,false,,,132681.6050335671,4242.684137236531,114060.53785673616,1.8590948031949612,251601.03604542042,246667.68239747096,246505.4254265473,4933.353647949465,114060.53785673616,true,132607.1445407348,0,-5158.96594461608,-5158.96594461608,true,true
30,4,0.86,1,0.05,false,PT_PAR_CEILING,true,0.008456794353286945,0.16279069767441867,false,,,132681.6050335671,10750.86463614268,117415.25955840487,1.884361496486415,262521.11320813553,250020.10781727193,249855.64500083338,12501.005390863604,0,false,250020.10781727193,0,-5308.239775303489,-5308.239775303489,true,true
30,4,0.86,1,0.1,false,PT_PAR_CEILING,true,0.008456794353286945,0.16279069767441867,false,,,132681.6050335671,21982.242419615446,123006.46239451937,1.9264725500634567,281168.2169950812,255607.46999552837,255439.3307413432,25560.74699955285,0,false,255607.46999552837,0,-5557.043003832485,-5557.043003832485,true,true
30,4,0.86,3,0,true,,false,0.008456794353286945,0.16279069767441867,false,,,132681.6050335671,0,291380.7330838851,3.194608371139426,423865.76613644836,423865.76613644836,423586.89221567736,0,291380.7330838851,true,132485.03305256326,0,-13049.853752042414,-13049.853752042414,true,true
30,4,0.86,3,0.01,false,PT_PAR_CEILING,true,0.008456794353286945,0.16279069767441867,false,,,132681.6050335671,3692.6259609315894,296894.08703496505,3.236131426263646,433668.8628535895,429375.1117362272,429092.6112729216,4293.75111736235,296894.08703496505,true,132481.02470126213,0,-13295.41373495081,-13295.41373495081,true,true
30,4,0.86,3,0.02,false,PT_PAR_CEILING,true,0.008456794353286945,0.16279069767441867,false,,,132681.6050335671,7481.175266228209,302475.0945572695,3.2781639191963707,443651.0913693453,434952.0503621032,434665.8788169188,8699.041007242107,302475.0945572695,true,132476.95580483373,0,-13543.998298619641,-13543.998298619641,true,true
30,4,0.86,3,0.05,false,PT_PAR_CEILING,true,0.008456794353286945,0.16279069767441867,false,,,132681.6050335671,19440.006468508218,319628.79577520787,3.4073538194828257,474697.83237054833,452093.1736862365,451795.7185161979,22604.658684311842,0,false,452093.1736862365,0,-14308.115827540314,-14308.115827540314,true,true
30,4,0.86,3,0.1,false,PT_PAR_CEILING,true,0.008456794353286945,0.16279069767441867,false,,,132681.6050335671,41456.97919532214,349615.7694271728,3.6331931430741164,530263.6873820266,482057.8976200241,481740.7162816546,48205.789762002474,0,false,482057.8976200241,0,-15644.157545009686,-15644.157545009686,true,true
30,4,0.86,10,0,true,,false,0.008456794353286945,0.16279069767441867,false,,,132681.6050335671,0,627286.4453913061,5.724368683335968,759518.4247089034,759518.4247089034,759018.5237311624,0,627286.4453913061,true,132231.97931759735,0,-28019.633553014122,-28019.633553014122,true,true
30,4,0.86,10,0.01,false,PT_PAR_CEILING,true,0.008456794353286945,0.16279069767441867,false,,,132681.6050335671,6766.251507627894,654563.5952414795,5.929785300083363,794641.1654307081,786773.4311195129,786255.5754420107,7867.734311195207,654563.5952414795,true,132209.83587803342,0,-29236.844115316737,-29236.844115316737,true,true
30,4,0.86,10,0.02,false,PT_PAR_CEILING,true,0.008456794353286945,0.16279069767441867,false,,,132681.6050335671,14025.032188577228,683222.5167007305,6.1456058506889635,831717.025136554,815408.8481730921,814872.1272545686,16308.176963461912,683222.5167007305,true,132186.33147236158,0,-30515.9536405971,-30515.9536405971,true,true
30,4,0.86,10,0.05,false,PT_PAR_CEILING,true,0.008456794353286945,0.16279069767441867,false,,,132681.6050335671,39145.6279450492,778256.8157388478,6.861263400847646,955881.6126116635,910363.4405825366,909764.1542525959,45518.1720291269,0,false,910363.4405825366,0,-34759.30291053251,-34759.30291053251,true,true
30,4,0.86,10,0.1,false,PT_PAR_CEILING,true,0.008456794353286945,0.16279069767441867,false,,,132681.6050335671,94944.25973272137,972067.4522057469,8.320693888716685,1214403.322162715,1104003.0201479227,1103276.1045083264,110400.30201479234,0,false,1104003.0201479227,0,-43421.58375081165,-43421.58375081165,true,true
30,4,0.86,20,0,true,,false,0.008456794353286945,0.16279069767441867,false,,,132681.6050335671,0,769614.8970831821,6.796202366192716,901731.038079376,901731.038079376,901137.4399774586,0,769614.8970831821,true,132116.14099619386,0,-34371.16856377901,-34371.16856377901,true,true
30,4,0.86,20,0.01,false,PT_PAR_CEILING,true,0.008456794353286945,0.16279069767441867,false,,,132681.6050335671,8172.636036059936,818231.643214022,7.16230795957356,959809.5809791221,950306.5158209129,949680.9069090036,9503.065158209181,818231.643214022,true,132074.87260689086,0,-36542.43326693718,-36542.43326693718,true,true
30,4,0.86,20,0.02,false,PT_PAR_CEILING,true,0.008456794353286945,0.16279069767441867,false,,,132681.6050335671,17257.373215557658,871306.5988784757,7.561980063577503,1023402.3651086449,1003335.6520672988,1002675.0935075715,20066.71304134617,871306.5988784757,true,132029.05318882305,0,-38913.57133273005,-38913.57133273005,true,true
30,4,0.86,20,0.05,false,PT_PAR_CEILING,true,0.008456794353286945,0.16279069767441867,false,,,132681.6050335671,51362.43524435698,1062618.0335128445,9.002568501780402,1254199.000152902,1194475.238240859,1193688.6725404754,59723.76191204297,0,false,1194475.238240859,0,-47467.14564115864,-47467.14564115864,true,true
30,4,0.86,20,0.1,false,PT_PAR_CEILING,true,0.008456794353286945,0.16279069767441867,false,,,132681.6050335671,143021.83216590132,1531653.7508969654,12.53410041013511,1829349.01607548,1663044.560068618,1661948.8738182413,166304.456006862,0,false,1663044.560068618,0,-68482.86758132675,-68482.86758132675,true,true
30,4,0.915,1,0,true,,false,0.008456794353286945,0.09289617486338786,false,,,132681.6050335671,0,118975.59523359961,1.8961134312302754,251579.3733813371,251579.3733813371,251413.8845858613,0,118975.59523359961,true,132603.7781477375,0,-3276.271645256362,-3276.271645256362,true,true
30,4,0.915,1,0.01,false,PT_PAR_CEILING,true,0.008456794353286945,0.09289617486338786,false,,,132681.6050335671,2312.8300592785818,120165.35118593562,1.9050742748063196,255295.99561435598,252768.31248946136,252602.0413831019,2527.6831248946255,120165.35118593562,true,132602.96130352572,0,-3308.200249168789,-3308.200249168789,true,true
30,4,0.915,1,0.02,false,PT_PAR_CEILING,true,0.008456794353286945,0.09289617486338786,false,,,132681.6050335671,4647.417690226983,121355.1071382716,1.9140351126128365,259036.39584871702,253957.2508320755,253790.1974132167,5079.145016641531,121355.1071382716,true,132602.14369380387,0,-3340.1296178992634,-3340.1296178992634,true,true
30,4,0.915,1,0.05,false,PT_PAR_CEILING,true,0.008456794353286945,0.09289617486338786,false,,,132681.6050335671,11781.725802983041,124924.37499527959,1.9409175914192298,270400.264330758,257524.06126738858,257354.66090134048,12876.203063369438,0,false,257524.06126738858,0,-3435.9223134517524,-3435.9223134517524,true,true
30,4,0.915,1,0.1,false,PT_PAR_CEILING,true,0.008456794353286945,0.09289617486338786,false,,,132681.6050335671,24107.38879629405,130873.15475695957,1.9857216073583681,289815.6030155573,263468.730014143,263295.41803715983,26346.873001414293,0,false,263468.730014143,0,-3595.5921066199808,-3595.5921066199808,true,true
30,4,0.915,3,0,true,,false,0.008456794353286945,0.09289617486338786,false,,,132681.6050335671,0,327819.77757795615,3.4690423815919043,460278.11111908196,460278.11111908196,459975.2678304398,0,327819.77757795615,true,132458.33354112582,0,-8882.92642937637,-8882.92642937637,true,true
30,4,0.915,3,0.01,false,PT_PAR_CEILING,true,0.008456794353286945,0.09289617486338786,false,,,132681.6050335671,4269.489194033726,334157.2009872358,3.5167711512077764,471276.9492867732,466610.8408779932,466303.8287049364,4666.108408780012,334157.2009872358,true,132453.6398907574,0,-9053.34150839872,-9053.34150839872,true,true
30,4,0.915,3,0.02,false,PT_PAR_CEILING,true,0.008456794353286945,0.09289617486338786,false,,,132681.6050335671,8656.331114018569,340574.6864166046,3.565102773842804,482484.02930594713,473023.55814308533,472712.32436853525,9460.471162861795,340574.6864166046,true,132448.87172648072,0,-9225.924683475547,-9225.924683475547,true,true
30,4,0.915,3,0.05,false,PT_PAR_CEILING,true,0.008456794353286945,0.09289617486338786,false,,,132681.6050335671,22543.191437351576,360313.244093301,3.713757861892245,517384.721512986,492747.3538218914,492423.13515270327,24637.36769109458,0,false,492747.3538218914,0,-9756.843021193621,-9756.843021193621,true,true
30,4,0.915,3,0.1,false,PT_PAR_CEILING,true,0.008456794353286945,0.09289617486338786,false,,,132681.6050335671,48245.52246737515,394865.55303016613,3.973975664941679,580000.8165476789,527273.4695887989,526926.5197298386,52727.34695887996,0,false,527273.4695887989,0,-10686.56664133424,-10686.56664133424,true,true
30,4,0.915,10,0,true,,false,0.008456794353286945,0.09289617486338786,false,,,132681.6050335671,0,827546.5764544297,7.232432754277127,959610.7861348315,959610.7861348315,958979.0456499017,0,827546.5764544297,true,132064.20968040184,0,-22344.712065902233,-22344.712065902233,true,true
30,4,0.915,10,0.01,false,PT_PAR_CEILING,true,0.008456794353286945,0.09289617486338786,false,,,132681.6050335671,9145.83220807591,867515.2308741116,7.53340678507755,1009539.9486510025,999544.503614854,998886.4441038287,9995.445036148536,867515.2308741116,true,132029.2727407423,0,-23424.811083095614,-23424.811083095614,true,true
30,4,0.915,10,0.02,false,PT_PAR_CEILING,true,0.008456794353286945,0.09289617486338786,false,,,132681.6050335671,19062.550534564536,909677.5391686258,7.850895592156418,1062502.816680636,1041669.4281182705,1040983.6029288094,20833.38856236555,909677.5391686258,true,131991.88894964464,0,-24564.719576424788,-24564.719576424788,true,true
30,4,0.915,10,0.05,false,PT_PAR_CEILING,true,0.008456794353286945,0.09289617486338786,false,,,132681.6050335671,54097.89778427663,1050604.7516826997,8.912069693704568,1241591.0966883195,1182467.711131733,1181689.063454588,59123.38555658655,0,false,1182467.711131733,0,-28378.82680089357,-28378.82680089357,true,true
30,4,0.915,10,0.1,false,PT_PAR_CEILING,true,0.008456794353286945,0.09289617486338786,false,,,132681.6050335671,134865.77840199973,1342366.6418029587,11.108871745878382,1621337.226690707,1473942.9333551882,1472972.0384144809,147394.2933355188,0,false,1473942.9333551882,0,-36294.90981477435,-36294.90981477435,true,true
30,4,0.915,20,0,true,,false,0.008456794353286945,0.09289617486338786,false,,,132681.6050335671,0,1171543.2706699166,9.82274755870782,1303297.9119289063,1303297.9119289063,1302439.5823836077,0,1171543.2706699166,true,131754.6412589897,0,-31649.62907416989,-31649.62907416989,true,true
30,4,0.915,20,0.01,false,PT_PAR_CEILING,true,0.008456794353286945,0.09289617486338786,false,,,132681.6050335671,12779.006655742414,1264948.8110235056,10.52604653755979,1410578.876754069,1396612.7492614542,1395692.8691888377,13966.127492614789,1264948.8110235056,true,131663.93823794858,0,-34182.83692797004,-34182.83692797004,true,true
30,4,0.915,20,0.02,false,PT_PAR_CEILING,true,0.008456794353286945,0.09289617486338786,false,,,132681.6050335671,27451.963109096745,1368546.9299898471,11.30606818738443,1530109.4191955412,1500107.2737211185,1499119.1141819905,30002.145474422723,1368546.9299898471,true,131560.34373127134,0,-36995.46433347439,-36995.46433347439,true,true
30,4,0.915,20,0.05,false,PT_PAR_CEILING,true,0.008456794353286945,0.09289617486338786,false,,,132681.6050335671,86251.97642780864,1754142.3767454945,14.209121918371594,1979553.5573595401,1885289.1022471809,1884046.6913423133,94264.45511235925,0,false,1885289.1022471809,0,-47492.165519599264,-47492.165519599264,true,true
30,4,0.915,20,0.1,false,PT_PAR_CEILING,true,0.008456794353286945,0.09289617486338786,false,,,132681.6050335671,264314.6294866591,2758830.1279272535,21.77155208917784,3177552.922790429,2888684.475264026,2886778.799988553,288868.44752640324,0,false,2888684.475264026,0,-75056.33815804377,-75056.33815804377,true,true
30,4,0.945,1,0,true,,false,0.008456794353286945,0.058201058201058364,false,,,132681.6050335671,0,122876.43442158647,1.9254932246831853,255477.53153222383,255477.53153222383,255309.4777769961,0,122876.43442158647,true,132601.09711063735,0,-2227.8527243991703,-2227.8527243991703,true,true
30,4,0.945,1,0.01,false,PT_PAR_CEILING,true,0.008456794353286945,0.058201058201058364,false,,,132681.6050335671,2425.8664991492988,124105.19876580234,1.9347478467756019,259272.50414187906,256705.4496454248,256536.587924279,2567.0544964542787,124105.19876580234,true,132600.25087962244,0,-2249.2997145565314,-2249.2997145565314,true,true
30,4,0.945,1,0.02,false,PT_PAR_CEILING,true,0.008456794353286945,0.058201058201058364,false,,,132681.6050335671,4874.940635206789,125333.96311001822,1.9440024627144206,263092.0342809996,257933.36694215646,257763.69725337028,5158.667338843166,0,false,257933.36694215646,0,-2270.7475206872477,-2270.7475206872477,true,true
30,4,0.945,1,0.05,false,PT_PAR_CEILING,true,0.008456794353286945,0.058201058201058364,false,,,132681.6050335671,12361.408633310057,129020.25614266579,1.9717662736013912,274697.9696291126,261617.11393248817,261445.02033044992,13080.855696624407,0,false,261617.11393248817,0,-2335.0958354168397,-2335.0958354168397,true,true
30,4,0.945,1,0.1,false,PT_PAR_CEILING,true,0.008456794353286945,0.058201058201058364,false,,,132681.6050335671,25303.005873849383,135164.07786374513,2.0180391686248433,294532.34350512456,267756.67591374955,267580.5424218754,26775.667591375008,0,false,267756.67591374955,0,-2442.3593507490295,-2442.3593507490295,true,true
30,4,0.945,3,0,true,,false,0.008456794353286945,0.058201058201058364,false,,,132681.6050335671,0,348898.20328138233,3.627789004235904,481340.86780514586,481340.86780514586,481024.15851241583,0,348898.20328138233,true,132442.66452376352,0,-6175.634304888721,-6175.634304888721,true,true
30,4,0.945,3,0.01,false,PT_PAR_CEILING,true,0.008456794353286945,0.058201058201058364,false,,,132681.6050335671,4613.071080591937,355718.11056933505,3.6791510758435804,493037.2266029404,488155.66990390135,487834.4741593616,4881.556699039065,355718.11056933505,true,132437.5593345663,0,-6295.077838532845,-6295.077838532845,true,true
30,4,0.945,3,0.02,false,PT_PAR_CEILING,true,0.008456794353286945,0.058201058201058364,false,,,132681.6050335671,9356.592619014322,362625.43958059483,3.7311714039380934,504958.96674045123,495057.8105298541,494732.07076493645,9901.156210597139,0,false,495057.8105298541,0,-6416.070213868734,-6416.070213868734,true,true
30,4,0.945,3,0.05,false,PT_PAR_CEILING,true,0.008456794353286945,0.058201058201058364,false,,,132681.6050335671,24394.918093169515,383878.2682473835,3.8912294035618866,542109.2909593212,516294.562818401,515954.84140702046,25814.728140920168,0,false,516294.562818401,0,-6788.458239952102,-6788.458239952102,true,true
30,4,0.945,3,0.1,false,PT_PAR_CEILING,true,0.008456794353286945,0.058201058201058364,false,,,132681.6050335671,52305.25008445571,421106.98836308526,4.171600952131918,608844.1808772614,553494.7098884195,553130.4953985919,55349.47098884196,0,false,553494.7098884195,0,-7441.184443815655,-7441.184443815655,true,true
30,4,0.945,10,0,true,,false,0.008456794353286945,0.058201058201058364,false,,,132681.6050335671,0,966984.7797855582,8.282421520375706,1098924.9808880056,1098924.9808880056,1098201.4129128563,0,966984.7797855582,true,131940.20110244735,0,-17040.52311489801,-17040.52311489801,true,true
30,4,0.945,10,0.01,false,PT_PAR_CEILING,true,0.008456794353286945,0.058201058201058364,false,,,132681.6050335671,10849.751858997159,1016226.9122686024,8.653210741236514,1159603.108739373,1148121.8898409633,1147365.8875656212,11481.218898409745,1016226.9122686024,true,131894.9775723609,0,-17911.303335831457,-17911.303335831457,true,true
30,4,0.945,10,0.02,false,PT_PAR_CEILING,true,0.008456794353286945,0.058201058201058364,false,,,132681.6050335671,22682.319747384638,1068276.380260838,9.045132802344575,1224125.1927159817,1200122.7379568447,1199332.4490467103,24002.454759137006,0,false,1200122.7379568447,0,-18832.544970244126,-18832.544970244126,true,true
30,4,0.945,10,0.05,false,PT_PAR_CEILING,true,0.008456794353286945,0.058201058201058364,false,,,132681.6050335671,64950.78824098827,1242942.855617404,10.360289631741844,1443350.8497997383,1374619.8569521315,1373714.485661917,68730.99284760677,0,false,1374619.8569521315,0,-21930.221830952665,-21930.221830952665,true,true
30,4,0.945,10,0.1,false,PT_PAR_CEILING,true,0.008456794353286945,0.058201058201058364,false,,,132681.6050335671,164293.0933531595,1607258.7813316125,13.103182253293884,1912406.3776558232,1738551.2524143846,1737405.727602275,173855.12524143863,0,false,1738551.2524143846,0,-28422.562361522563,-28422.562361522563,true,true
30,4,0.945,20,0,true,,false,0.008456794353286945,0.058201058201058364,false,,,132681.6050335671,0,1517920.397177783,12.43070420801204,1649325.7860165536,1649325.7860165536,1648239.1545850579,0,1517920.397177783,true,131405.38883877057,0,-26811.88618407007,-26811.88618407007,true,true
30,4,0.945,20,0.01,false,PT_PAR_CEILING,true,0.008456794353286945,0.058201058201058364,false,,,132681.6050335671,16874.07534382213,1654358.4015202264,13.457905020427832,1803472.6028846619,1785616.4384996651,1784439.8393894713,17856.16438499675,1654358.4015202264,true,131258.03697943874,0,-29246.638525210015,-29246.638525210015,true,true
30,4,0.945,20,0.02,false,PT_PAR_CEILING,true,0.008456794353286945,0.058201058201058364,false,,,132681.6050335671,36628.08724526386,1806907.3878790692,14.606350546111086,1976753.914823757,1937994.034140938,1936716.8177492074,38759.88068281906,0,false,1937994.034140938,0,-31975.527380140877,-31975.527380140877,true,true
30,4,0.945,20,0.05,false,PT_PAR_CEILING,true,0.008456794353286945,0.058201058201058364,false,,,132681.6050335671,118797.72923180228,2383863.8479862,18.94940640086042,2639949.538484486,2514237.65569951,2512579.652655723,125711.88278497569,0,false,2514237.65569951,0,-42361.04681566589,-42361.04681566589,true,true
30,4,0.945,20,0.1,false,PT_PAR_CEILING,true,0.008456794353286945,0.058201058201058364,false,,,132681.6050335671,383637.57116994634,3931727.9881718573,30.596983182033075,4465622.521554928,4059656.837777207,4056975.5124786077,405965.68377772113,0,false,4059656.837777207,0,-70755.56628878886,-70755.56628878886,true,true
7,0.25,0.86,1,0,true,,false,0.0019668868560511754,0.16279069767441867,false,,,8346.312877018203,0,7034.272492750942,1.8426716669191208,15379.514261723654,15379.514261723654,15377.152540122734,0,7034.272492750942,true,8345.241768972712,0,-310.69717407239204,-310.69717407239204,true,true
7,0.25,0.86,1,0.01,false,PT_PAR_CEILING,true,0.0019668868560511754,0.16279069767441867,false,,,8346.312877018203,132.86867363720194,7104.61521767845,1.8510983232259732,15604.34422948542,15449.845771767743,15447.47324914302,154.4984577176765,7104.61521767845,true,8345.230554089292,0,-313.79183308161464,-313.79183308161464,true,true
7,0.25,0.86,1,0.02,false,PT_PAR_CEILING,true,0.0019668868560511754,0.16279069767441867,false,,,8346.312877018203,266.94704907523374,7174.957942605961,1.859524978335191,15830.580817252318,15520.177271816,15517.793948162527,310.4035454363184,7174.957942605961,true,8345.219329210038,0,-316.88650208419494,-316.88650208419494,true,true
7,0.25,0.86,1,0.05,false,PT_PAR_CEILING,true,0.0019668868560511754,0.16279069767441867,false,,,8346.312877018203,676.4403836148522,7385.986117388488,1.8848049364755433,16517.73029757197,15731.171711973302,15728.755985203874,786.5585855986665,0,false,15731.171711973302,0,-326.17056905771824,-326.17056905771824,true,true
7,0.25,0.86,1,0.1,false,PT_PAR_CEILING,true,0.0019668868560511754,0.16279069767441867,false,,,8346.312877018203,1383.1232864569465,7737.699742026035,1.9269381760866593,17691.11180351906,16082.828912290053,16080.359180228419,1608.282891229006,0,false,16082.828912290053,0,-341.6442139331766,-341.6442139331766,true,true
7,0.25,0.86,3,0,true,,false,0.0019668868560511754,0.16279069767441867,false,,,8346.312877018203,0,18337.431262431284,3.196723553814907,26680.85496147275,26680.85496147275,26676.7575748311,0,18337.431262431284,true,8343.423699041465,0,-807.9845065492436,-807.9845065492436,true,true
7,0.25,0.86,3,0.01,false,PT_PAR_CEILING,true,0.0019668868560511754,0.16279069767441867,false,,,8346.312877018203,232.43937924296552,18684.47005703531,3.2382963823600717,27298.113143650262,27027.83479569333,27023.684117090932,270.27834795693343,18684.47005703531,true,8343.36473865802,0,-823.2557675210428,-823.2557675210428,true,true
7,0.25,0.86,3,0.02,false,PT_PAR_CEILING,true,0.0019668868560511754,0.16279069767441867,false,,,8346.312877018203,470.9200645966339,19035.768636891466,3.28037948331044,27926.65499352145,27379.073523060244,27374.86889822236,547.5814704612058,19035.768636891466,true,8343.304886168778,0,-838.7146464713023,-838.7146464713023,true,true
7,0.25,0.86,3,0.05,false,PT_PAR_CEILING,true,0.0019668868560511754,0.16279069767441867,false,,,8346.312877018203,1223.7216323232897,20115.522753367935,3.409726310468335,29881.57474277811,28458.64261216963,28454.272176911236,1422.9321306084785,0,false,28458.64261216963,0,-886.2302441410948,-886.2302441410948,true,true
7,0.25,0.86,3,0.1,false,PT_PAR_CEILING,true,0.0019668868560511754,0.16279069767441867,false,,,8346.312877018203,2609.7472315169434,22003.10552143878,3.6358447721811302,33380.48784498415,30345.89804089468,30341.237739480828,3034.589804089468,0,false,30345.89804089468,0,-969.2989842731668,-969.2989842731668,true,true
7,0.25,0.86,10,0,true,,false,0.0019668868560511754,0.16279069767441867,false,,,8346.312877018203,0,39528.14942576193,5.735208009815066,47867.84046469742,47867.84046469742,47860.488721949754,0,39528.14942576193,true,8339.691038935496,0,-1740.6034113931692,-1740.6034113931692,true,true
7,0.25,0.86,10,0.01,false,PT_PAR_CEILING,true,0.0019668868560511754,0.16279069767441867,false,,,8346.312877018203,426.45857012627675,41248.84162106736,5.9413308079043885,50084.087886923735,49588.205828637365,49580.589809522266,495.88205828637,41248.84162106736,true,8339.364207570005,0,-1816.3560587599413,-1816.3560587599413,true,true
7,0.25,0.86,10,0.02,false,PT_PAR_CEILING,true,0.0019668868560511754,0.16279069767441867,false,,,8346.312877018203,884.0079202384441,43056.7920790425,6.1579059009048445,52423.72550251224,51395.809316188475,51387.915615417885,1027.9161863237678,43056.7920790425,true,8339.017237145978,0,-1895.9537735557697,-1895.9537735557697,true,true
7,0.25,0.86,10,0.05,false,PT_PAR_CEILING,true,0.0019668868560511754,0.16279069767441867,false,,,8346.312877018203,2467.792267417608,49052.67760705525,6.876152223450377,60260.04373926728,57390.517846921226,57381.70321713058,2869.525892346057,0,false,57390.517846921226,0,-2159.957873929493,-2159.957873929493,true,true
7,0.25,0.86,10,0.1,false,PT_PAR_CEILING,true,0.0019668868560511754,0.16279069767441867,false,,,8346.312877018203,5987.19329970963,61283.21417662402,8.341231363672739,76580.37941489086,69618.52674080989,69607.83345847731,6961.852674080976,0,false,69618.52674080989,0,-2698.605914898696,-2698.605914898696,true,true
7,0.25,0.86,20,0,true,,false,0.0019668868560511754,0.16279069767441867,false,,,8346.312877018203,0,48548.88473203167,6.815806976693493,56886.857536847405,56886.857536847405,56878.120282284144,0,48548.88473203167,true,8337.972804815734,0,-2137.741766969618,-2137.741766969618,true,true
7,0.25,0.86,20,0.01,false,PT_PAR_CEILING,true,0.0019668868560511754,0.16279069767441867,false,,,8346.312877018203,515.6599296622226,51623.09512817064,7.184065325728443,60560.06150684194,59960.456937467265,59951.247489411035,599.6045693746782,51623.09512817064,true,8337.361809296628,0,-2273.109471517325,-2273.109471517325,true,true
7,0.25,0.86,20,0.02,false,PT_PAR_CEILING,true,0.0019668868560511754,0.16279069767441867,false,,,8346.312877018203,1089.0452460872839,54979.900910772485,7.5861742793258795,64582.915756338705,63316.58407484187,63306.85901518888,1266.3316814968348,54979.900910772485,true,8336.683164069385,0,-2420.9322722956967,-2420.9322722956967,true,true
7,0.25,0.86,20,0.05,false,PT_PAR_CEILING,true,0.0019668868560511754,0.16279069767441867,false,,,8346.312877018203,3243.0258333215315,67085.06986649279,9.036230313597622,79190.16569738617,75419.20542608206,75407.620887367,3770.9602713041095,0,false,75419.20542608206,0,-2954.104794876457,-2954.104794876457,true,true
7,0.25,0.86,20,0.1,false,PT_PAR_CEILING,true,0.0019668868560511754,0.16279069767441867,false,,,8346.312877018203,9040.301505892145,96792.57861701203,12.594757289974632,115631.76344745758,105119.78495223416,105103.63636512849,10511.978495223419,0,false,105119.78495223416,0,-4263.249854377318,-4263.249854377318,true,true
7,0.25,0.915,1,0,true,,false,0.0019668868560511754,0.09289617486338786,false,,,8346.312877018203,0,7484.138756822223,1.8965630528680433,15829.308630229503,15829.308630229503,15826.87783222818,0,7484.138756822223,true,8345.169873407282,0,-198.23388432663887,-198.23388432663887,true,true
7,0.25,0.915,1,0.01,false,PT_PAR_CEILING,true,0.0019668868560511754,0.09289617486338786,false,,,8346.312877018203,145.52286285849732,7558.980144390444,1.9055286150504374,16063.179397495349,15904.138017322128,15901.695727500008,159.0413801732211,7558.980144390444,true,8345.157872931683,0,-200.20397706952826,-200.20397706952826,true,true
7,0.25,0.915,1,0.02,false,PT_PAR_CEILING,true,0.0019668868560511754,0.09289617486338786,false,,,8346.312877018203,292.4151032935697,7633.821531958667,1.9144941758761194,16298.54674095303,15978.967393091207,15976.513611442695,319.5793478618234,7633.821531958667,true,8345.14586113254,0,-202.1740811291038,-202.1740811291038,true,true
7,0.25,0.915,1,0.05,false,PT_PAR_CEILING,true,0.0019668868560511754,0.09289617486338786,false,,,8346.312877018203,741.3080869511723,7858.345694663334,1.9413908502161845,17013.62822510889,16203.455452484657,16200.967195323383,810.1727726242316,0,false,16203.455452484657,0,-208.08446121473025,-208.08446121473025,true,true
7,0.25,0.915,1,0.1,false,PT_PAR_CEILING,true,0.0019668868560511754,0.09289617486338786,false,,,8346.312877018203,1516.8505822412371,8232.552632504445,1.9862186136532634,18235.362190878222,16577.601991707474,16575.05627524638,1657.7601991707488,0,false,16577.601991707474,0,-217.93532108774343,-217.93532108774343,true,true
7,0.25,0.915,3,0,true,,false,0.0019668868560511754,0.09289617486338786,false,,,8346.312877018203,0,20631.1151171173,3.471490523057231,28974.146055039222,28974.146055039222,28969.69644335733,0,20631.1151171173,true,8343.030937921922,0,-544.3401480583107,-544.3401480583107,true,true
7,0.25,0.915,3,0.01,false,PT_PAR_CEILING,true,0.0019668868560511754,0.09289617486338786,false,,,8346.312877018203,268.7629171951339,21030.03452903654,3.5192781348573754,29666.726378916403,29372.996414768713,29368.48554323012,293.7299641476893,21030.03452903654,true,8342.961885732173,0,-554.8462186788611,-554.8462186788611,true,true
7,0.25,0.915,3,0.02,false,PT_PAR_CEILING,true,0.0019668868560511754,0.09289617486338786,false,,,8346.312877018203,544.9170293968418,21433.995116957212,3.5676696154391623,30372.424589332186,29776.886852286458,29772.313946569808,595.5377370457281,21433.995116957212,true,8342.891735329245,0,-565.4852808896567,-565.4852808896567,true,true
7,0.25,0.915,3,0.05,false,PT_PAR_CEILING,true,0.0019668868560511754,0.09289617486338786,false,,,8346.312877018203,1419.1265419949523,22676.484847086802,3.7165104933077537,32570.117357261166,31019.159387867778,31014.395678200453,1550.9579693933883,0,false,31019.159387867778,0,-598.2100137197112,-598.2100137197112,true,true
7,0.25,0.915,3,0.1,false,PT_PAR_CEILING,true,0.0019668868560511754,0.09289617486338786,false,,,8346.312877018203,3037.2310697114262,24851.49306905569,3.9770594119516525,36513.16040090237,33193.78218263852,33188.68446204908,3319.3782182638533,0,false,33193.78218263852,0,-655.5006693144969,-655.5006693144969,true,true
7,0.25,0.915,10,0,true,,false,0.0019668868560511754,0.09289617486338786,false,,,8346.312877018203,0,52162.816056841584,7.248713370639428,60500.02974718188,60500.02974718188,60490.737404826985,0,52162.816056841584,true,8337.213690340293,0,-1375.128316508727,-1375.128316508727,true,true
7,0.25,0.915,10,0.01,false,PT_PAR_CEILING,true,0.0019668868560511754,0.09289617486338786,false,,,8346.312877018203,576.6482415507126,54684.968243668285,7.550839115650495,63651.88240067893,63021.66574324646,63011.9859943844,630.2166574324656,54684.968243668285,true,8336.697499578178,0,-1441.6321277741226,-1441.6321277741226,true,true
7,0.25,0.915,10,0.02,false,PT_PAR_CEILING,true,0.0019668868560511754,0.09289617486338786,false,,,8346.312877018203,1201.9777944790185,57345.70163988017,7.869564400550935,66995.48362669915,65681.8466928423,65671.75824369596,1313.6369338568475,57345.70163988017,true,8336.145052962129,0,-1511.7979239701099,-1511.7979239701099,true,true
7,0.25,0.915,10,0.05,false,PT_PAR_CEILING,true,0.0019668868560511754,0.09289617486338786,false,,,8346.312877018203,3411.783106973744,66240.25513855918,8.935022595048599,78303.21884857785,74574.49414150271,74563.03939462747,3728.7247070751328,0,false,74574.49414150271,0,-1746.4141108642561,-1746.4141108642561,true,true
7,0.25,0.915,10,0.1,false,PT_PAR_CEILING,true,0.0019668868560511754,0.09289617486338786,false,,,8346.312877018203,8508.519182746022,84659.28340484797,11.14136050923725,102288.20875432384,92989.28068574895,92974.99631359315,9298.928068574896,0,false,92989.28068574895,0,-2232.556819352989,-2232.556819352989,true,true
7,0.25,0.915,20,0,true,,false,0.0019668868560511754,0.09289617486338786,false,,,8346.312877018203,0,73980.66435812748,9.86223247236103,82313.27788021394,82313.27788021394,82300.6340357476,0,73980.66435812748,true,8332.613522086453,0,-1950.5536039222206,-1950.5536039222206,true,true
7,0.25,0.915,20,0.01,false,PT_PAR_CEILING,true,0.0019668868560511754,0.09289617486338786,false,,,8346.312877018203,807.275209970685,79895.53228594342,10.570751444848607,89109.0668929377,88226.7989038987,88213.24637282616,882.2679890389991,79895.53228594342,true,8331.266617955276,0,-2106.652468159591,-2106.652468159591,true,true
7,0.25,0.915,20,0.02,false,PT_PAR_CEILING,true,0.0019668868560511754,0.09289617486338786,false,,,8346.312877018203,1734.608297669416,86457.61132110804,11.356791923228784,96683.08544386992,94787.33867046071,94772.77797971659,1895.746773409206,86457.61132110804,true,8329.727349352674,0,-2279.8768116893643,-2279.8768116893643,true,true
7,0.25,0.915,20,0.05,false,PT_PAR_CEILING,true,0.0019668868560511754,0.09289617486338786,false,,,8346.312877018203,5454.319074545463,110896.51616376736,14.284162458057217,125181.09351415808,119220.08906110293,119201.77332223608,5961.004453055153,0,false,119220.08906110293,0,-2925.4314709714645,-2925.4314709714645,true,true
7,0.25,0.915,20,0.1,false,PT_PAR_CEILING,true,0.0019668868560511754,0.09289617486338786,false,,,8346.312877018203,16741.43485943266,174662.22545925382,21.92183589232425,201263.15131558425,182966.5011959857,182938.38501508537,18296.650119598547,0,false,182966.5011959857,0,-4613.043699354068,-4613.043699354068,true,true
7,0.25,0.945,1,0,true,,false,0.0019668868560511754,0.058201058201058364,false,,,8346.312877018203,0,7729.5203554065565,1.9259583336450306,16074.650840702037,16074.650840702037,16072.182364578834,0,7729.5203554065565,true,8345.130485295482,0,-132.1207360263852,-132.1207360263852,true,true
7,0.25,0.945,1,0.01,false,PT_PAR_CEILING,true,0.0019668868560511754,0.058201058201058364,false,,,8346.312877018203,152.63577263145453,7806.815558960622,1.9352178440696726,16313.452947912054,16151.933611794111,16149.453267050054,161.51933611794266,7806.815558960622,true,8345.118052833488,0,-133.42973538192746,-133.42973538192746,true,true
7,0.25,0.945,1,0.02,false,PT_PAR_CEILING,true,0.0019668868560511754,0.058201058201058364,false,,,8346.312877018203,306.7321894083889,7884.110762514689,1.944477353047944,16553.80069823061,16229.216370814325,16226.724157443447,324.5843274162853,0,false,16229.216370814325,0,-134.73874681086272,-134.73874681086272,true,true
7,0.25,0.945,1,0.05,false,PT_PAR_CEILING,true,0.0019668868560511754,0.058201058201058364,false,,,8346.312877018203,777.7853011883763,8115.996373176886,1.972255871301131,17284.117804186153,16461.064575415385,16458.53675612824,823.0532287707683,0,false,16461.064575415385,0,-138.66585354552262,-138.66585354552262,true,true
7,0.25,0.945,1,0.1,false,PT_PAR_CEILING,true,0.0019668868560511754,0.058201058201058364,false,,,8346.312877018203,1592.0866717724784,8502.472390947214,2.018553372779054,18532.22580899178,16847.478008174345,16844.89084557417,1684.7478008174367,0,false,16847.478008174345,0,-145.21127297426028,-145.21127297426028,true,true
7,0.25,0.945,3,0,true,,false,0.0019668868560511754,0.058201058201058364,false,,,8346.312877018203,0,21957.936669566763,3.630433884582902,30300.73708005749,30300.73708005749,30296.083715031644,0,21957.936669566763,true,8342.800410490727,0,-373.1214148051349,-373.1214148051349,true,true
7,0.25,0.945,3,0.01,false,PT_PAR_CEILING,true,0.0019668868560511754,0.058201058201058364,false,,,8346.312877018203,290.39809803559183,22387.232167289316,3.681860231803619,31037.257038724605,30729.957464083767,30725.238173889524,307.2995746408378,22387.232167289316,true,8342.725296794451,0,-380.39762535574755,-380.39762535574755,true,true
7,0.25,0.945,3,0.02,false,PT_PAR_CEILING,true,0.0019668868560511754,0.058201058201058364,false,,,8346.312877018203,589.0124759224236,22822.03230898218,3.7339459621205435,31787.97489105155,31164.681265736814,31159.89520484547,623.2936253147345,0,false,31164.681265736814,0,-387.76739831444866,-387.76739831444866,true,true
7,0.25,0.945,3,0.05,false,PT_PAR_CEILING,true,0.0019668868560511754,0.058201058201058364,false,,,8346.312877018203,1535.7322849949487,24159.85818144848,3.8942070661404844,34127.384110998784,32502.270581903602,32497.27907461695,1625.1135290951825,0,false,32502.270581903602,0,-410.44493886942655,-410.44493886942655,true,true
7,0.25,0.945,3,0.1,false,PT_PAR_CEILING,true,0.0019668868560511754,0.058201058201058364,false,,,8346.312877018203,3292.886853132317,26503.3716151432,4.174940963590919,38329.89987773064,34845.36352520967,34840.012126104455,3484.5363525209686,0,false,34845.36352520967,0,-450.17603591450825,-450.17603591450825,true,true
7,0.25,0.945,10,0,true,,false,0.0019668868560511754,0.058201058201058364,false,,,8346.312877018203,0,60962.42778831864,8.302805066800902,69297.80884441234,69297.80884441234,69287.16483804098,0,60962.42778831864,true,8335.381056093705,0,-1034.8105503765855,-1034.8105503765855,true,true
7,0.25,0.945,10,0.01,false,PT_PAR_CEILING,true,0.0019668868560511754,0.058201058201058364,false,,,8346.312877018203,684.2280190953607,64070.36893146415,8.675097908816907,73129.13219960975,72405.08138575223,72393.9599642377,724.0508138575242,64070.36893146415,true,8334.712454288077,0,-1087.6124164579278,-1087.6124164579278,true,true
7,0.25,0.945,10,0.02,false,PT_PAR_CEILING,true,0.0019668868560511754,0.058201058201058364,false,,,8346.312877018203,1430.535228065608,67355.70111988211,9.068638537989703,77203.48849877992,75689.69460664698,75678.06850945883,1513.7938921329333,0,false,75689.69460664698,0,-1143.4402411574547,-1143.4402411574547,true,true
7,0.25,0.945,10,0.05,false,PT_PAR_CEILING,true,0.0019668868560511754,0.058201058201058364,false,,,8346.312877018203,4097.211382074427,78381.98042196539,10.389434194644103,91049.14182387588,86713.46840369131,86700.14842296523,4335.673420184568,0,false,86713.46840369131,0,-1330.902871796402,-1330.902871796402,true,true
7,0.25,0.945,10,0.1,false,PT_PAR_CEILING,true,0.0019668868560511754,0.058201058201058364,false,,,8346.312877018203,10367.827144909825,101386.66308349046,13.145020822546508,120683.70221588155,109712.45655989232,109695.6021368522,10971.24565598923,0,false,109712.45655989232,0,-1722.4826759155367,-1722.4826759155367,true,true
7,0.25,0.945,20,0,true,,false,0.0019668868560511754,0.058201058201058364,false,,,8346.312877018203,0,95922.23186418452,12.490504085937765,104249.65509291085,104249.65509291085,104233.64023288533,0,95922.23186418452,true,8327.42322872633,0,-1629.1914698651726,-1629.1914698651726,true,true
7,0.25,0.945,20,0.01,false,PT_PAR_CEILING,true,0.0019668868560511754,0.058201058201058364,false,,,8346.312877018203,1066.8615555463184,104570.1722860264,13.526380375000763,114024.35673034833,112895.40270331518,112878.05906921298,1128.954027033149,104570.1722860264,true,8325.230417288782,0,-1776.4466101827466,-1776.4466101827466,true,true
7,0.25,0.945,20,0.02,false,PT_PAR_CEILING,true,0.0019668868560511754,0.058201058201058364,false,,,8346.312877018203,2316.479709582156,114242.3860836636,14.684935228889257,125016.36527903778,122565.06399905666,122546.2341179337,2451.301279981126,0,false,122565.06399905666,0,-1941.2427954566738,-1941.2427954566738,true,true
7,0.25,0.945,20,0.05,false,PT_PAR_CEILING,true,0.0019668868560511754,0.058201058201058364,false,,,8346.312877018203,7520.421479875629,150850.31693447338,19.069781076708086,167120.4773305691,159162.35936244673,159137.90340243265,7958.117968122358,0,false,159162.35936244673,0,-2565.946998081501,-2565.946998081501,true,true
7,0.25,0.945,20,0.1,false,PT_PAR_CEILING,true,0.0019668868560511754,0.058201058201058364,false,,,8346.312877018203,24334.833302508254,249236.06817227794,30.85332018018049,283262.6098704666,257511.46351860597,257471.88103026562,25751.146351860603,0,false,257511.46351860597,0,-4252.934854106523,-4252.934854106523,true,true
7,1,0.86,1,0,true,,false,0.0019668868560511754,0.16279069767441867,false,,,33385.25150807281,0,28137.089971003767,1.8426716669191208,61518.05704689462,61518.05704689462,61508.610160490935,0,28137.089971003767,true,33380.96707589085,0,-1242.7886962895682,-1242.7886962895682,true,true
7,1,0.86,1,0.01,false,PT_PAR_CEILING,true,0.0019668868560511754,0.16279069767441867,false,,,33385.25150807281,531.4746945488077,28418.4608707138,1.8510983232259732,62417.37691794168,61799.38308707097,61789.89299657208,617.993830870706,28418.4608707138,true,33380.92221635717,0,-1255.1673323264586,-1255.1673323264586,true,true
7,1,0.86,1,0.02,false,PT_PAR_CEILING,true,0.0019668868560511754,0.16279069767441867,false,,,33385.25150807281,1067.788196300935,28699.831770423843,1.859524978335191,63322.32326900927,62080.709087264,62071.17579265011,1241.6141817452735,28699.831770423843,true,33380.87731684015,0,-1267.5460083367798,-1267.5460083367798,true,true
7,1,0.86,1,0.05,false,PT_PAR_CEILING,true,0.0019668868560511754,0.16279069767441867,false,,,33385.25150807281,2705.7615344594087,29543.944469553953,1.8848049364755433,66070.92119028787,62924.68684789321,62915.023940815496,3146.234342394666,0,false,62924.68684789321,0,-1304.682276230873,-1304.682276230873,true,true
7,1,0.86,1,0.1,false,PT_PAR_CEILING,true,0.0019668868560511754,0.16279069767441867,false,,,33385.25150807281,5532.493145827786,30950.79896810414,1.9269381760866593,70764.44721407624,64331.31564916021,64321.436720913676,6433.131564916024,0,false,64331.31564916021,0,-1366.5768557327065,-1366.5768557327065,true,true
7,1,0.86,3,0,true,,false,0.0019668868560511754,0.16279069767441867,false,,,33385.25150807281,0,73349.72504972514,3.196723553814907,106723.419845891,106723.419845891,106707.0302993244,0,73349.72504972514,true,33373.69479616586,0,-3231.9380261969745,-3231.9380261969745,true,true
7,1,0.86,3,0.01,false,PT_PAR_CEILING,true,0.0019668868560511754,0.16279069767441867,false,,,33385.25150807281,929.7575169718621,74737.88022814124,3.2382963823600717,109192.45257460105,108111.33918277331,108094.73646836373,1081.1133918277337,74737.88022814124,true,33373.45895463208,0,-3293.023070084171,-3293.023070084171,true,true
7,1,0.86,3,0.02,false,PT_PAR_CEILING,true,0.0019668868560511754,0.16279069767441867,false,,,33385.25150807281,1883.6802583865356,76143.07454756586,3.28037948331044,111706.6199740858,109516.29409224098,109499.47559288944,2190.325881844823,76143.07454756586,true,33373.219544675114,0,-3354.8585858852093,-3354.8585858852093,true,true
7,1,0.86,3,0.05,false,PT_PAR_CEILING,true,0.0019668868560511754,0.16279069767441867,false,,,33385.25150807281,4894.886529293159,80462.09101347174,3.409726310468335,119526.29897111244,113834.57044867853,113817.08870764494,5691.728522433914,0,false,113834.57044867853,0,-3544.920976564379,-3544.920976564379,true,true
7,1,0.86,3,0.1,false,PT_PAR_CEILING,true,0.0019668868560511754,0.16279069767441867,false,,,33385.25150807281,10438.988926067774,88012.42208575513,3.6358447721811302,133521.9513799366,121383.59216357872,121364.95095792331,12138.359216357872,0,false,121383.59216357872,0,-3877.195937092667,-3877.195937092667,true,true
7,1,0.86,10,0,true,,false,0.0019668868560511754,0.16279069767441867,false,,,33385.25150807281,0,158112.5977030477,5.735208009815066,191471.3618587897,191471.3618587897,191441.95488779902,0,158112.5977030477,true,33358.764155741985,0,-6962.413645572677,-6962.413645572677,true,true
7,1,0.86,10,0.01,false,PT_PAR_CEILING,true,0.0019668868560511754,0.16279069767441867,false,,,33385.25150807281,1705.834280505107,164995.36648426944,5.9413308079043885,200336.35154769494,198352.82331454946,198322.35923808906,1983.52823314548,164995.36648426944,true,33357.45683028002,0,-7265.424235039765,-7265.424235039765,true,true
7,1,0.86,10,0.02,false,PT_PAR_CEILING,true,0.0019668868560511754,0.16279069767441867,false,,,33385.25150807281,3536.0316809537762,172227.16831617,6.1579059009048445,209694.90201004897,205583.2372647539,205551.66246167154,4111.664745295071,172227.16831617,true,33356.06894858391,0,-7583.815094223079,-7583.815094223079,true,true
7,1,0.86,10,0.05,false,PT_PAR_CEILING,true,0.0019668868560511754,0.16279069767441867,false,,,33385.25150807281,9871.169069670432,196210.710428221,6.876152223450377,241040.17495706913,229562.0713876849,229526.8128685223,11478.103569384228,0,false,229562.0713876849,0,-8639.831495717972,-8639.831495717972,true,true
7,1,0.86,10,0.1,false,PT_PAR_CEILING,true,0.0019668868560511754,0.16279069767441867,false,,,33385.25150807281,23948.77319883852,245132.85670649607,8.341231363672739,306321.51765956345,278474.10696323955,278431.33383390924,27847.410696323903,0,false,278474.10696323955,0,-10794.423659594784,-10794.423659594784,true,true
7,1,0.86,20,0,true,,false,0.0019668868560511754,0.16279069767441867,false,,,33385.25150807281,0,194195.53892812668,6.815806976693493,227547.43014738962,227547.43014738962,227512.48112913658,0,194195.53892812668,true,33351.891219262936,0,-8550.967067878471,-8550.967067878471,true,true
7,1,0.86,20,0.01,false,PT_PAR_CEILING,true,0.0019668868560511754,0.16279069767441867,false,,,33385.25150807281,2062.6397186488903,206492.38051268255,7.184065325728443,242240.24602736777,239841.82774986906,239804.98995764414,2398.418277498713,206492.38051268255,true,33349.44723718651,0,-9092.4378860693,-9092.4378860693,true,true
7,1,0.86,20,0.02,false,PT_PAR_CEILING,true,0.0019668868560511754,0.16279069767441867,false,,,33385.25150807281,4356.1809843491355,219919.60364308994,7.5861742793258795,258331.66302535482,253266.33629936748,253227.4360607555,5065.326725987339,219919.60364308994,true,33346.73265627754,0,-9683.729089182787,-9683.729089182787,true,true
7,1,0.86,20,0.05,false,PT_PAR_CEILING,true,0.0019668868560511754,0.16279069767441867,false,,,33385.25150807281,12972.103333286126,268340.27946597117,9.036230313597622,316760.6627895447,301676.82170432823,301630.483549468,15083.841085216438,0,false,301676.82170432823,0,-11816.419179505829,-11816.419179505829,true,true
7,1,0.86,20,0.1,false,PT_PAR_CEILING,true,0.0019668868560511754,0.16279069767441867,false,,,33385.25150807281,36161.20602356858,387170.3144680481,12.594757289974632,462527.0537898303,420479.1398089366,420414.54546051397,42047.913980893674,0,false,420479.1398089366,0,-17052.999417509272,-17052.999417509272,true,true
7,1,0.915,1,0,true,,false,0.0019668868560511754,0.09289617486338786,false,,,33385.25150807281,0,29936.55502728889,1.8965630528680433,63317.23452091801,63317.23452091801,63307.51132891272,0,29936.55502728889,true,33380.679493629126,0,-792.9355373065555,-792.9355373065555,true,true
7,1,0.915,1,0.01,false,PT_PAR_CEILING,true,0.0019668868560511754,0.09289617486338786,false,,,33385.25150807281,582.0914514339893,30235.920577561777,1.9055286150504374,64252.717589981396,63616.55206928851,63606.78291000003,636.1655206928845,30235.920577561777,true,33380.63149172673,0,-800.815908278113,-800.815908278113,true,true
7,1,0.915,1,0.02,false,PT_PAR_CEILING,true,0.0019668868560511754,0.09289617486338786,false,,,33385.25150807281,1169.6604131742788,30535.286127834668,1.9144941758761194,65194.18696381212,63915.86957236483,63906.05444577078,1278.3173914472936,30535.286127834668,true,33380.58344453016,0,-808.6963245164152,-808.6963245164152,true,true
7,1,0.915,1,0.05,false,PT_PAR_CEILING,true,0.0019668868560511754,0.09289617486338786,false,,,33385.25150807281,2965.232347804689,31433.382778653337,1.9413908502161845,68054.51290043555,64813.82180993863,64803.86878129353,3240.6910904969263,0,false,64813.82180993863,0,-832.337844858921,-832.337844858921,true,true
7,1,0.915,1,0.1,false,PT_PAR_CEILING,true,0.0019668868560511754,0.09289617486338786,false,,,33385.25150807281,6067.4023289649485,32930.21053001778,1.9862186136532634,72941.44876351289,66310.4079668299,66300.22510098552,6631.040796682995,0,false,66310.4079668299,0,-871.7412843509737,-871.7412843509737,true,true
7,1,0.915,3,0,true,,false,0.0019668868560511754,0.09289617486338786,false,,,33385.25150807281,0,82524.4604684692,3.471490523057231,115896.58422015689,115896.58422015689,115878.78577342932,0,82524.4604684692,true,33372.123751687686,0,-2177.3605922332426,-2177.3605922332426,true,true
7,1,0.915,3,0.01,false,PT_PAR_CEILING,true,0.0019668868560511754,0.09289617486338786,false,,,33385.25150807281,1075.0516687805357,84120.13811614616,3.5192781348573754,118666.90551566561,117491.98565907485,117473.94217292048,1174.9198565907573,84120.13811614616,true,33371.84754292869,0,-2219.3848747154443,-2219.3848747154443,true,true
7,1,0.915,3,0.02,false,PT_PAR_CEILING,true,0.0019668868560511754,0.09289617486338786,false,,,33385.25150807281,2179.6681175873673,85735.98046782885,3.5676696154391623,121489.69835732874,119107.54740914583,119089.25578627923,2382.1509481829125,85735.98046782885,true,33371.56694131698,0,-2261.9411235586267,-2261.9411235586267,true,true
7,1,0.915,3,0.05,false,PT_PAR_CEILING,true,0.0019668868560511754,0.09289617486338786,false,,,33385.25150807281,5676.506167979809,90705.93938834721,3.7165104933077537,130280.46942904466,124076.63755147111,124057.58271280181,6203.831877573553,0,false,124076.63755147111,0,-2392.840054878845,-2392.840054878845,true,true
7,1,0.915,3,0.1,false,PT_PAR_CEILING,true,0.0019668868560511754,0.09289617486338786,false,,,33385.25150807281,12148.924278845705,99405.97227622276,3.9770594119516525,146052.6416036095,132775.12873055408,132754.73784819632,13277.512873055413,0,false,132775.12873055408,0,-2622.0026772579877,-2622.0026772579877,true,true
7,1,0.915,10,0,true,,false,0.0019668868560511754,0.09289617486338786,false,,,33385.25150807281,0,208651.26422736634,7.248713370639428,242000.1189887275,242000.1189887275,241962.94961930794,0,208651.26422736634,true,33348.85476136117,0,-5500.513266034908,-5500.513266034908,true,true
7,1,0.915,10,0.01,false,PT_PAR_CEILING,true,0.0019668868560511754,0.09289617486338786,false,,,33385.25150807281,2306.59296620285,218739.87297467314,7.550839115650495,254607.52960271572,252086.66297298585,252047.9439775376,2520.8666297298623,218739.87297467314,true,33346.78999831271,0,-5766.528511096491,-5766.528511096491,true,true
7,1,0.915,10,0.02,false,PT_PAR_CEILING,true,0.0019668868560511754,0.09289617486338786,false,,,33385.25150807281,4807.911177916074,229382.8065595207,7.869564400550935,267981.9345067966,262727.3867713692,262687.03297478386,5254.54773542739,229382.8065595207,true,33344.580211848515,0,-6047.1916958804395,-6047.1916958804395,true,true
7,1,0.915,10,0.05,false,PT_PAR_CEILING,true,0.0019668868560511754,0.09289617486338786,false,,,33385.25150807281,13647.132427894976,264961.0205542367,8.935022595048599,313212.8753943114,298297.97656601085,298252.1575785099,14914.898828300531,0,false,298297.97656601085,0,-6985.656443457025,-6985.656443457025,true,true
7,1,0.915,10,0.1,false,PT_PAR_CEILING,true,0.0019668868560511754,0.09289617486338786,false,,,33385.25150807281,34034.07673098409,338637.1336193919,11.14136050923725,409152.8350172954,371957.1227429958,371899.9852543726,37195.712274299585,0,false,371957.1227429958,0,-8930.227277411956,-8930.227277411956,true,true
7,1,0.915,20,0,true,,false,0.0019668868560511754,0.09289617486338786,false,,,33385.25150807281,0,295922.65743250994,9.86223247236103,329253.11152085575,329253.11152085575,329202.5361429904,0,295922.65743250994,true,33330.45408834581,0,-7802.214415688883,-7802.214415688883,true,true
7,1,0.915,20,0.01,false,PT_PAR_CEILING,true,0.0019668868560511754,0.09289617486338786,false,,,33385.25150807281,3229.10083988274,319582.1291437737,10.570751444848607,356436.2675717508,352907.1956155948,352852.98549130466,3529.0719561559963,319582.1291437737,true,33325.066471821105,0,-8426.609872638364,-8426.609872638364,true,true
7,1,0.915,20,0.02,false,PT_PAR_CEILING,true,0.0019668868560511754,0.09289617486338786,false,,,33385.25150807281,6938.433190677664,345830.44528443215,11.356791923228784,386732.34177547967,379149.35468184284,379091.11191886634,7582.987093636824,345830.44528443215,true,33318.909397410695,0,-9119.507246757457,-9119.507246757457,true,true
7,1,0.915,20,0.05,false,PT_PAR_CEILING,true,0.0019668868560511754,0.09289617486338786,false,,,33385.25150807281,21817.276298181852,443586.06465506944,14.284162458057217,500724.37405663234,476880.3562444117,476807.09328894434,23844.017812220613,0,false,476880.3562444117,0,-11701.725883885858,-11701.725883885858,true,true
7,1,0.915,20,0.1,false,PT_PAR_CEILING,true,0.0019668868560511754,0.09289617486338786,false,,,33385.25150807281,66965.73943773063,698648.9018370153,21.92183589232425,805052.605262337,731866.0047839428,731753.5400603415,73186.60047839419,0,false,731866.0047839428,0,-18452.17479741627,-18452.17479741627,true,true
7,1,0.945,1,0,true,,false,0.0019668868560511754,0.058201058201058364,false,,,33385.25150807281,0,30918.081421626226,1.9259583336450306,64298.60336280815,64298.60336280815,64288.729458315334,0,30918.081421626226,true,33380.52194118193,0,-528.4829441055408,-528.4829441055408,true,true
7,1,0.945,1,0.01,false,PT_PAR_CEILING,true,0.0019668868560511754,0.058201058201058364,false,,,33385.25150807281,610.5430905258181,31227.26223584249,1.9352178440696726,65253.811791648215,64607.734447176445,64597.813068200216,646.0773444717706,31227.26223584249,true,33380.47221133395,0,-533.7189415277098,-533.7189415277098,true,true
7,1,0.945,1,0.02,false,PT_PAR_CEILING,true,0.0019668868560511754,0.058201058201058364,false,,,33385.25150807281,1226.9287576335555,31536.443050058755,1.944477353047944,66215.20279292244,64916.8654832573,64906.896629773786,1298.3373096651412,0,false,64916.8654832573,0,-538.9549872434509,-538.9549872434509,true,true
7,1,0.945,1,0.05,false,PT_PAR_CEILING,true,0.0019668868560511754,0.058201058201058364,false,,,33385.25150807281,3111.141204753505,32463.985492707543,1.972255871301131,69136.47121674461,65844.25830166154,65834.14702451296,3292.2129150830733,0,false,65844.25830166154,0,-554.6634141820905,-554.6634141820905,true,true
7,1,0.945,1,0.1,false,PT_PAR_CEILING,true,0.0019668868560511754,0.058201058201058364,false,,,33385.25150807281,6368.346687089914,34009.889563788856,2.018553372779054,74128.90323596713,67389.91203269738,67379.56338229668,6738.991203269747,0,false,67389.91203269738,0,-580.8450918970411,-580.8450918970411,true,true
7,1,0.945,3,0,true,,false,0.0019668868560511754,0.058201058201058364,false,,,33385.25150807281,0,87831.74667826705,3.630433884582902,121202.94832022996,121202.94832022996,121184.33486012658,0,87831.74667826705,true,33371.20164196291,0,-1492.4856592205397,-1492.4856592205397,true,true
7,1,0.945,3,0.01,false,PT_PAR_CEILING,true,0.0019668868560511754,0.058201058201058364,false,,,33385.25150807281,1161.5923921423673,89548.92866915726,3.681860231803619,124149.02815489842,122919.82985633507,122900.9526955581,1229.1982985633513,89548.92866915726,true,33370.901187177806,0,-1521.5905014229902,-1521.5905014229902,true,true
7,1,0.945,3,0.02,false,PT_PAR_CEILING,true,0.0019668868560511754,0.058201058201058364,false,,,33385.25150807281,2356.0499036896945,91288.12923592872,3.7339459621205435,127151.8995642062,124658.72506294725,124639.58081938188,2493.174501258938,0,false,124658.72506294725,0,-1551.0695932577946,-1551.0695932577946,true,true
7,1,0.945,3,0.05,false,PT_PAR_CEILING,true,0.0019668868560511754,0.058201058201058364,false,,,33385.25150807281,6142.929139979795,96639.43272579391,3.8942070661404844,136509.53644399514,130009.08232761441,129989.1162984678,6500.45411638073,0,false,130009.08232761441,0,-1641.7797554777062,-1641.7797554777062,true,true
7,1,0.945,3,0.1,false,PT_PAR_CEILING,true,0.0019668868560511754,0.058201058201058364,false,,,33385.25150807281,13171.547412529268,106013.4864605728,4.174940963590919,153319.59951092256,139381.4541008387,139360.04850441782,13938.145410083875,0,false,139381.4541008387,0,-1800.704143658033,-1800.704143658033,true,true
7,1,0.945,10,0,true,,false,0.0019668868560511754,0.058201058201058364,false,,,33385.25150807281,0,243849.71115327455,8.302805066800902,277191.23537764937,277191.23537764937,277148.6593521639,0,243849.71115327455,true,33341.52422437482,0,-4139.242201506342,-4139.242201506342,true,true
7,1,0.945,10,0.01,false,PT_PAR_CEILING,true,0.0019668868560511754,0.058201058201058364,false,,,33385.25150807281,2736.9120763814426,256281.4757258566,8.675097908816907,292516.528798439,289620.3255430089,289575.8398569508,2896.2032554300968,256281.4757258566,true,33338.84981715231,0,-4350.449665831711,-4350.449665831711,true,true
7,1,0.945,10,0.02,false,PT_PAR_CEILING,true,0.0019668868560511754,0.058201058201058364,false,,,33385.25150807281,5722.140912262432,269422.80447952845,9.068638537989703,308813.95399511966,302758.77842658793,302712.2740378353,6055.175568531733,0,false,302758.77842658793,0,-4573.760964629819,-4573.760964629819,true,true
7,1,0.945,10,0.05,false,PT_PAR_CEILING,true,0.0019668868560511754,0.058201058201058364,false,,,33385.25150807281,16388.84552829771,313527.92168786156,10.389434194644103,364196.5672955035,346853.87361476524,346800.5936918609,17342.693680738274,0,false,346853.87361476524,0,-5323.611487185608,-5323.611487185608,true,true
7,1,0.945,10,0.1,false,PT_PAR_CEILING,true,0.0019668868560511754,0.058201058201058364,false,,,33385.25150807281,41471.3085796393,405546.65233396186,13.145020822546508,482734.8088635262,438849.8262395693,438782.4085474088,43884.98262395692,0,false,438849.8262395693,0,-6889.930703662147,-6889.930703662147,true,true
7,1,0.945,20,0,true,,false,0.0019668868560511754,0.058201058201058364,false,,,33385.25150807281,0,383688.9274567381,12.490504085937765,416998.6203716434,416998.6203716434,416934.5609315413,0,383688.9274567381,true,33309.69291490532,0,-6516.7658794606905,-6516.7658794606905,true,true
7,1,0.945,20,0.01,false,PT_PAR_CEILING,true,0.0019668868560511754,0.058201058201058364,false,,,33385.25150807281,4267.446222185274,418280.6891441056,13.526380375000763,456097.4269213933,451581.6108132607,451512.2362768519,4515.816108132596,418280.6891441056,true,33300.92166915513,0,-7105.786440730986,-7105.786440730986,true,true
7,1,0.945,20,0.02,false,PT_PAR_CEILING,true,0.0019668868560511754,0.058201058201058364,false,,,33385.25150807281,9265.918838328624,456969.5443346544,14.684935228889257,500065.4611161511,490260.2559962266,490184.9364717348,9805.205119924503,0,false,490260.2559962266,0,-7764.971181826695,-7764.971181826695,true,true
7,1,0.945,20,0.05,false,PT_PAR_CEILING,true,0.0019668868560511754,0.058201058201058364,false,,,33385.25150807281,30081.685919502517,603401.2677378935,19.069781076708086,668481.9093222764,636649.4374497869,636551.6136097306,31832.471872489434,0,false,636649.4374497869,0,-10263.787992326004,-10263.787992326004,true,true
7,1,0.945,20,0.1,false,PT_PAR_CEILING,true,0.0019668868560511754,0.058201058201058364,false,,,33385.25150807281,97339.33321003302,996944.2726891118,30.85332018018049,1133050.4394818663,1030045.8540744239,1029887.5241210625,103004.58540744241,0,false,1030045.8540744239,0,-17011.73941642609,-17011.73941642609,true,true
7,4,0.86,1,0,true,,false,0.0019668868560511754,0.16279069767441867,false,,,133541.00603229125,0,112548.35988401507,1.8426716669191208,246072.22818757847,246072.22818757847,246034.44064196374,0,112548.35988401507,true,133523.8683035634,0,-4971.154785158273,-4971.154785158273,true,true
7,4,0.86,1,0.01,false,PT_PAR_CEILING,true,0.0019668868560511754,0.16279069767441867,false,,,133541.00603229125,2125.898778195231,113673.8434828552,1.8510983232259732,249669.5076717667,247197.5323482839,247159.57198628833,2471.975323482824,113673.8434828552,true,133523.68886542867,0,-5020.669329305834,-5020.669329305834,true,true
7,4,0.86,1,0.02,false,PT_PAR_CEILING,true,0.0019668868560511754,0.16279069767441867,false,,,133541.00603229125,4271.15278520374,114799.32708169537,1.859524978335191,253289.29307603708,248322.836349056,248284.70317060043,4966.456726981094,114799.32708169537,true,133523.5092673606,0,-5070.184033347119,-5070.184033347119,true,true
7,4,0.86,1,0.05,false,PT_PAR_CEILING,true,0.0019668868560511754,0.16279069767441867,false,,,133541.00603229125,10823.046137837635,118175.77787821581,1.8848049364755433,264283.6847611515,251698.74739157283,251660.09576326198,12584.937369578663,0,false,251698.74739157283,0,-5218.729104923492,-5218.729104923492,true,true
7,4,0.86,1,0.1,false,PT_PAR_CEILING,true,0.0019668868560511754,0.16279069767441867,false,,,133541.00603229125,22129.972583311144,123803.19587241656,1.9269381760866593,283057.78885630495,257325.26259664085,257285.7468836547,25732.526259664097,0,false,257325.26259664085,0,-5466.307422930826,-5466.307422930826,true,true
7,4,0.86,3,0,true,,false,0.0019668868560511754,0.16279069767441867,false,,,133541.00603229125,0,293398.90019890055,3.196723553814907,426893.679383564,426893.679383564,426828.1211972976,0,293398.90019890055,true,133494.77918466344,0,-12927.752104787898,-12927.752104787898,true,true
7,4,0.86,3,0.01,false,PT_PAR_CEILING,true,0.0019668868560511754,0.16279069767441867,false,,,133541.00603229125,3719.0300678874482,298951.52091256494,3.2382963823600717,436769.8102984042,432445.35673109326,432378.9458734549,4324.453567310935,298951.52091256494,true,133493.8358185283,0,-13172.092280336685,-13172.092280336685,true,true
7,4,0.86,3,0.02,false,PT_PAR_CEILING,true,0.0019668868560511754,0.16279069767441867,false,,,133541.00603229125,7534.721033546142,304572.29819026345,3.28037948331044,446826.4798963432,438065.1763689639,437997.9023715578,8761.303527379292,304572.29819026345,true,133492.87817870046,0,-13419.434343540837,-13419.434343540837,true,true
7,4,0.86,3,0.05,false,PT_PAR_CEILING,true,0.0019668868560511754,0.16279069767441867,false,,,133541.00603229125,19579.546117172635,321848.36405388697,3.409726310468335,478105.19588444976,455338.2817947141,455268.3548305798,22766.914089735656,0,false,455338.2817947141,0,-14179.683906257516,-14179.683906257516,true,true
7,4,0.86,3,0.1,false,PT_PAR_CEILING,true,0.0019668868560511754,0.16279069767441867,false,,,133541.00603229125,41755.955704271095,352049.6883430205,3.6358447721811302,534087.8055197464,485534.3686543149,485459.80383169325,48553.43686543149,0,false,485534.3686543149,0,-15508.783748370668,-15508.783748370668,true,true
7,4,0.86,10,0,true,,false,0.0019668868560511754,0.16279069767441867,false,,,133541.00603229125,0,632450.3908121908,5.735208009815066,765885.4474351588,765885.4474351588,765767.8195511961,0,632450.3908121908,true,133435.05662296794,0,-27849.654582290706,-27849.654582290706,true,true
7,4,0.86,10,0.01,false,PT_PAR_CEILING,true,0.0019668868560511754,0.16279069767441867,false,,,133541.00603229125,6823.337122020428,659981.4659370778,5.9413308079043885,801345.4061907798,793411.2932581978,793289.4369523562,7934.11293258192,659981.4659370778,true,133429.82732112007,0,-29061.69694015906,-29061.69694015906,true,true
7,4,0.86,10,0.02,false,PT_PAR_CEILING,true,0.0019668868560511754,0.16279069767441867,false,,,133541.00603229125,14144.126723815105,688908.67326468,6.1579059009048445,838779.6080401959,822332.9490590156,822206.6498466862,16446.658981180284,688908.67326468,true,133424.27579433564,0,-30335.260376892315,-30335.260376892315,true,true
7,4,0.86,10,0.05,false,PT_PAR_CEILING,true,0.0019668868560511754,0.16279069767441867,false,,,133541.00603229125,39484.67627868173,784842.841712884,6.876152223450377,964160.6998282765,918248.2855507396,918107.2514740892,45912.41427753691,0,false,918248.2855507396,0,-34559.32598287189,-34559.32598287189,true,true
7,4,0.86,10,0.1,false,PT_PAR_CEILING,true,0.0019668868560511754,0.16279069767441867,false,,,133541.00603229125,95795.09279535408,980531.4268259843,8.341231363672739,1225286.0706382538,1113896.4278529582,1113725.335335637,111389.64278529561,0,false,1113896.4278529582,0,-43177.69463837914,-43177.69463837914,true,true
7,4,0.86,20,0,true,,false,0.0019668868560511754,0.16279069767441867,false,,,133541.00603229125,0,776782.1557125067,6.815806976693493,910189.7205895585,910189.7205895585,910049.9245165463,0,776782.1557125067,true,133407.56487705174,0,-34203.868271513886,-34203.868271513886,true,true
7,4,0.86,20,0.01,false,PT_PAR_CEILING,true,0.0019668868560511754,0.16279069767441867,false,,,133541.00603229125,8250.558874595561,825969.5220507302,7.184065325728443,968960.9841094711,959367.3109994762,959219.9598305766,9593.673109994852,825969.5220507302,true,133397.78894874605,0,-36369.7515442772,-36369.7515442772,true,true
7,4,0.86,20,0.02,false,PT_PAR_CEILING,true,0.0019668868560511754,0.16279069767441867,false,,,133541.00603229125,17424.723937396542,879678.4145723598,7.5861742793258795,1033326.6521014193,1013065.3451974699,1012909.744243022,20261.306903949357,879678.4145723598,true,133386.93062511017,0,-38734.91635673115,-38734.91635673115,true,true
7,4,0.86,20,0.05,false,PT_PAR_CEILING,true,0.0019668868560511754,0.16279069767441867,false,,,133541.00603229125,51888.413333144505,1073361.1178638847,9.036230313597622,1267042.6511581787,1206707.286817313,1206521.934197872,60335.36434086575,0,false,1206707.286817313,0,-47265.676718023315,-47265.676718023315,true,true
7,4,0.86,20,0.1,false,PT_PAR_CEILING,true,0.0019668868560511754,0.16279069767441867,false,,,133541.00603229125,144644.8240942743,1548681.2578721924,12.594757289974632,1850108.2151593212,1681916.5592357465,1681658.1818420559,168191.6559235747,0,false,1681916.5592357465,0,-68211.99767003709,-68211.99767003709,true,true
7,4,0.915,1,0,true,,false,0.0019668868560511754,0.09289617486338786,false,,,133541.00603229125,0,119746.22010915556,1.8965630528680433,253268.93808367205,253268.93808367205,253230.04531565087,0,119746.22010915556,true,133522.7179745165,0,-3171.742149226222,-3171.742149226222,true,true
7,4,0.915,1,0.01,false,PT_PAR_CEILING,true,0.0019668868560511754,0.09289617486338786,false,,,133541.00603229125,2328.365805735957,120943.68231024711,1.9055286150504374,257010.87035992558,254466.20827715404,254427.13164000012,2544.662082771538,120943.68231024711,true,133522.52596690692,0,-3203.263633112452,-3203.263633112452,true,true
7,4,0.915,1,0.02,false,PT_PAR_CEILING,true,0.0019668868560511754,0.09289617486338786,false,,,133541.00603229125,4678.641652697115,122141.14451133867,1.9144941758761194,260776.74785524848,255663.4782894593,255624.21778308312,5113.2695657891745,122141.14451133867,true,133522.33377812064,0,-3234.7852980656608,-3234.7852980656608,true,true
7,4,0.915,1,0.05,false,PT_PAR_CEILING,true,0.0019668868560511754,0.09289617486338786,false,,,133541.00603229125,11860.929391218757,125733.53111461335,1.9413908502161845,272218.0516017422,259255.2872397545,259215.47512517413,12962.764361987705,0,false,259255.2872397545,0,-3329.351379435684,-3329.351379435684,true,true
7,4,0.915,1,0.1,false,PT_PAR_CEILING,true,0.0019668868560511754,0.09289617486338786,false,,,133541.00603229125,24269.609315859794,131720.84212007112,1.9862186136532634,291765.79505405156,265241.6318673196,265200.9004039421,26524.16318673198,0,false,265241.6318673196,0,-3486.965137403895,-3486.965137403895,true,true
7,4,0.915,3,0,true,,false,0.0019668868560511754,0.09289617486338786,false,,,133541.00603229125,0,330097.8418738768,3.471490523057231,463586.33688062755,463586.33688062755,463515.1430937173,0,330097.8418738768,true,133488.49500675075,0,-8709.44236893297,-8709.44236893297,true,true
7,4,0.915,3,0.01,false,PT_PAR_CEILING,true,0.0019668868560511754,0.09289617486338786,false,,,133541.00603229125,4300.206675122143,336480.55246458465,3.5192781348573754,474667.62206266244,469967.9426362994,469895.7686916819,4699.679426363029,336480.55246458465,true,133487.39017171477,0,-8877.539498861777,-8877.539498861777,true,true
7,4,0.915,3,0.02,false,PT_PAR_CEILING,true,0.0019668868560511754,0.09289617486338786,false,,,133541.00603229125,8718.67247034947,342943.9218713154,3.5676696154391623,485958.793429315,476430.1896365833,476357.0231451169,9528.60379273165,342943.9218713154,true,133486.26776526793,0,-9047.764494234507,-9047.764494234507,true,true
7,4,0.915,3,0.05,false,PT_PAR_CEILING,true,0.0019668868560511754,0.09289617486338786,false,,,133541.00603229125,22706.024671919236,362823.75755338883,3.7165104933077537,521121.87771617866,496306.55020588444,496230.33085120725,24815.327510294213,0,false,496306.55020588444,0,-9571.36021951538,-9571.36021951538,true,true
7,4,0.915,3,0.1,false,PT_PAR_CEILING,true,0.0019668868560511754,0.09289617486338786,false,,,133541.00603229125,48595.69711538282,397623.88910489104,3.9770594119516525,584210.566414438,531100.5149222163,531018.9513927853,53110.05149222165,0,false,531100.5149222163,0,-10488.01070903195,-10488.01070903195,true,true
7,4,0.915,10,0,true,,false,0.0019668868560511754,0.09289617486338786,false,,,133541.00603229125,0,834605.0569094653,7.248713370639428,968000.47595491,968000.47595491,967851.7984772318,0,834605.0569094653,true,133395.4190454447,0,-22002.053064139633,-22002.053064139633,true,true
7,4,0.915,10,0.01,false,PT_PAR_CEILING,true,0.0019668868560511754,0.09289617486338786,false,,,133541.00603229125,9226.3718648114,874959.4918986926,7.550839115650495,1018430.1184108629,1008346.6518919434,1008191.7759101504,10083.46651891945,874959.4918986926,true,133387.15999325085,0,-23066.114044385962,-23066.114044385962,true,true
7,4,0.915,10,0.02,false,PT_PAR_CEILING,true,0.0019668868560511754,0.09289617486338786,false,,,133541.00603229125,19231.644711664296,917531.2262380827,7.869564400550935,1071927.7380271864,1050909.5470854768,1050748.1318991354,21018.19094170956,917531.2262380827,true,133378.32084739406,0,-24188.766783521758,-24188.766783521758,true,true
7,4,0.915,10,0.05,false,PT_PAR_CEILING,true,0.0019668868560511754,0.09289617486338786,false,,,133541.00603229125,54588.529711579904,1059844.0822169469,8.935022595048599,1252851.5015772455,1193191.9062640434,1193008.6303140395,59659.595313202124,0,false,1193191.9062640434,0,-27942.6257738281,-27942.6257738281,true,true
7,4,0.915,10,0.1,false,PT_PAR_CEILING,true,0.0019668868560511754,0.09289617486338786,false,,,133541.00603229125,136136.30692393635,1354548.5344775675,11.14136050923725,1636611.3400691815,1487828.4909719832,1487599.9410174903,148782.84909719834,0,false,1487828.4909719832,0,-35720.90910964782,-35720.90910964782,true,true
7,4,0.915,20,0,true,,false,0.0019668868560511754,0.09289617486338786,false,,,133541.00603229125,0,1183690.6297300397,9.86223247236103,1317012.446083423,1317012.446083423,1316810.1445719616,0,1183690.6297300397,true,133321.81635338324,0,-31208.85766275553,-31208.85766275553,true,true
7,4,0.915,20,0.01,false,PT_PAR_CEILING,true,0.0019668868560511754,0.09289617486338786,false,,,133541.00603229125,12916.40335953096,1278328.5165750948,10.570751444848607,1425745.0702870032,1411628.7824623792,1411411.9419652186,14116.287824623985,1278328.5165750948,true,133300.26588728442,0,-33706.43949055346,-33706.43949055346,true,true
7,4,0.915,20,0.02,false,PT_PAR_CEILING,true,0.0019668868560511754,0.09289617486338786,false,,,133541.00603229125,27753.732762710657,1383321.7811377286,11.356791923228784,1546929.3671019187,1516597.4187273714,1516364.4476754654,30331.948374547297,1383321.7811377286,true,133275.63758964278,0,-36478.02898702983,-36478.02898702983,true,true
7,4,0.915,20,0.05,false,PT_PAR_CEILING,true,0.0019668868560511754,0.09289617486338786,false,,,133541.00603229125,87269.10519272741,1774344.2586202777,14.284162458057217,2002897.4962265294,1907521.424977647,1907228.3731557773,95376.07124888245,0,false,1907521.424977647,0,-46806.90353554343,-46806.90353554343,true,true
7,4,0.915,20,0.1,false,PT_PAR_CEILING,true,0.0019668868560511754,0.09289617486338786,false,,,133541.00603229125,267862.95775092253,2794595.607348061,21.92183589232425,3220210.421049348,2927464.0191357713,2927014.160241366,292746.40191357676,0,false,2927464.0191357713,0,-73808.69918966509,-73808.69918966509,true,true
7,4,0.945,1,0,true,,false,0.0019668868560511754,0.058201058201058364,false,,,133541.00603229125,0,123672.3256865049,1.9259583336450306,257194.4134512326,257194.4134512326,257154.91783326134,0,123672.3256865049,true,133522.0877647277,0,-2113.9317764221632,-2113.9317764221632,true,true
7,4,0.945,1,0.01,false,PT_PAR_CEILING,true,0.0019668868560511754,0.058201058201058364,false,,,133541.00603229125,2442.1723621032725,124909.04894336995,1.9352178440696726,261015.24716659286,258430.93778870578,258391.25227280086,2584.3093778870825,124909.04894336995,true,133521.8888453358,0,-2134.8757661108393,-2134.8757661108393,true,true
7,4,0.945,1,0.02,false,PT_PAR_CEILING,true,0.0019668868560511754,0.058201058201058364,false,,,133541.00603229125,4907.715030534222,126145.77220023502,1.944477353047944,264860.81117168977,259667.4619330292,259627.58651909514,5193.349238660565,0,false,259667.4619330292,0,-2155.8199489738035,-2155.8199489738035,true,true
7,4,0.945,1,0.05,false,PT_PAR_CEILING,true,0.0019668868560511754,0.058201058201058364,false,,,133541.00603229125,12444.56481901402,129855.94197083017,1.972255871301131,276545.88486697845,263377.03320664616,263336.58809805184,13168.851660332293,0,false,263377.03320664616,0,-2218.653656728362,-2218.653656728362,true,true
7,4,0.945,1,0.1,false,PT_PAR_CEILING,true,0.0019668868560511754,0.058201058201058364,false,,,133541.00603229125,25473.386748359655,136039.55825515543,2.018553372779054,296515.6129438685,269559.6481307895,269518.2535291867,26955.964813078986,0,false,269559.6481307895,0,-2323.3803675881645,-2323.3803675881645,true,true
7,4,0.945,3,0,true,,false,0.0019668868560511754,0.058201058201058364,false,,,133541.00603229125,0,351326.9867130682,3.630433884582902,484811.79328091984,484811.79328091984,484737.3394405063,0,351326.9867130682,true,133484.80656785163,0,-5969.942636882159,-5969.942636882159,true,true
7,4,0.945,3,0.01,false,PT_PAR_CEILING,true,0.0019668868560511754,0.058201058201058364,false,,,133541.00603229125,4646.369568569469,358195.71467662905,3.681860231803619,496596.1126195937,491679.3194253403,491603.8107822324,4916.793194253405,358195.71467662905,true,133483.60474871122,0,-6086.362005691961,-6086.362005691961,true,true
7,4,0.945,3,0.02,false,PT_PAR_CEILING,true,0.0019668868560511754,0.058201058201058364,false,,,133541.00603229125,9424.199614758778,365152.5169437149,3.7339459621205435,508607.5982568248,498634.900251789,498558.3232775275,9972.698005035752,0,false,498634.900251789,0,-6204.2783730311785,-6204.2783730311785,true,true
7,4,0.945,3,0.05,false,PT_PAR_CEILING,true,0.0019668868560511754,0.058201058201058364,false,,,133541.00603229125,24571.71655991918,386557.73090317566,3.8942070661404844,546038.1457759805,520036.32931045763,519956.4651938712,26001.81646552292,0,false,520036.32931045763,0,-6567.119021910825,-6567.119021910825,true,true
7,4,0.945,3,0.1,false,PT_PAR_CEILING,true,0.0019668868560511754,0.058201058201058364,false,,,133541.00603229125,52686.18965011707,424053.9458422912,4.174940963590919,613278.3980436902,557525.8164033548,557440.1940176713,55752.5816403355,0,false,557525.8164033548,0,-7202.816574632132,-7202.816574632132,true,true
7,4,0.945,10,0,true,,false,0.0019668868560511754,0.058201058201058364,false,,,133541.00603229125,0,975398.8446130982,8.302805066800902,1108764.9415105975,1108764.9415105975,1108594.6374086556,0,975398.8446130982,true,133366.0968974993,0,-16556.96880602537,-16556.96880602537,true,true
7,4,0.945,10,0.01,false,PT_PAR_CEILING,true,0.0019668868560511754,0.058201058201058364,false,,,133541.00603229125,10947.64830552577,1025125.9029034264,8.675097908816907,1170066.115193756,1158481.3021720357,1158303.3594278032,11584.813021720387,1025125.9029034264,true,133355.39926860924,0,-17401.798663326845,-17401.798663326845,true,true
7,4,0.945,10,0.02,false,PT_PAR_CEILING,true,0.0019668868560511754,0.058201058201058364,false,,,133541.00603229125,22888.563649049727,1077691.2179181138,9.068638537989703,1235255.8159804787,1211035.1137063517,1210849.0961513412,24220.702274126932,0,false,1211035.1137063517,0,-18295.043858519275,-18295.043858519275,true,true
7,4,0.945,10,0.05,false,PT_PAR_CEILING,true,0.0019668868560511754,0.058201058201058364,false,,,133541.00603229125,65555.38211319083,1254111.6867514462,10.389434194644103,1456786.269182014,1387415.494459061,1387202.3747674436,69370.7747229531,0,false,1387415.494459061,0,-21294.445948742432,-21294.445948742432,true,true
7,4,0.945,10,0.1,false,PT_PAR_CEILING,true,0.0019668868560511754,0.058201058201058364,false,,,133541.00603229125,165885.2343185572,1622186.6093358474,13.145020822546508,1930939.2354541048,1755399.3049582771,1755129.6341896353,175539.9304958277,0,false,1755399.3049582771,0,-27559.722814648587,-27559.722814648587,true,true
7,4,0.945,20,0,true,,false,0.0019668868560511754,0.058201058201058364,false,,,133541.00603229125,0,1534755.7098269523,12.490504085937765,1667994.4814865736,1667994.4814865736,1667738.2437261653,0,1534755.7098269523,true,133238.77165962127,0,-26067.063517842762,-26067.063517842762,true,true
7,4,0.945,20,0.01,false,PT_PAR_CEILING,true,0.0019668868560511754,0.058201058201058364,false,,,133541.00603229125,17069.784888741095,1673122.7565764224,13.526380375000763,1824389.7076855733,1806326.4432530429,1806048.9451074076,18063.264432530385,1673122.7565764224,true,133203.6866766205,0,-28423.145762923945,-28423.145762923945,true,true
7,4,0.945,20,0.02,false,PT_PAR_CEILING,true,0.0019668868560511754,0.058201058201058364,false,,,133541.00603229125,37063.675353314495,1827878.1773386176,14.684935228889257,2000261.8444646045,1961041.0239849065,1960739.745886939,39220.82047969801,0,false,1961041.0239849065,0,-31059.88472730678,-31059.88472730678,true,true
7,4,0.945,20,0.05,false,PT_PAR_CEILING,true,0.0019668868560511754,0.058201058201058364,false,,,133541.00603229125,120326.74367801007,2413605.070951574,19.069781076708086,2673927.6372891054,2546597.7497991477,2546206.4544389225,127329.88748995773,0,false,2546597.7497991477,0,-41055.15196930402,-41055.15196930402,true,true
7,4,0.945,20,0.1,false,PT_PAR_CEILING,true,0.0019668868560511754,0.058201058201058364,false,,,133541.00603229125,389357.33284013206,3987777.090756447,30.85332018018049,4532201.757927465,4120183.4162976956,4119550.09648425,412018.34162976965,0,false,4120183.4162976956,0,-68046.95766570437,-68046.95766570437,true,true
